season,round,pick,team,gsis_id,pfr_player_id,cfb_player_id,pfr_player_name,hof,position,category,side,college,age,to,allpro,probowls,seasons_started,w_av,car_av,dr_av,games,pass_completions,pass_attempts,pass_yards,pass_tds,pass_ints,rush_atts,rush_yards,rush_tds,receptions,rec_yards,rec_tds,def_solo_tackles,def_ints,def_sacks
2026,1,1,LVR,MEN516487,MendFe00,fernando-mendoza-1,Fernando Mendoza,FALSE,QB,QB,O,Indiana,22,NA,0,0,0,NA,NA,NA,NA,NA,NA,NA,NA,NA,NA,NA,NA,NA,NA,NA,NA,NA,NA
2026,1,2,NYJ,NA,BailDa02,david-bailey-5,David Bailey,FALSE,OLB,LB,D,Texas Tech,23,NA,0,0,0,NA,NA,NA,NA,NA,NA,NA,NA,NA,NA,NA,NA,NA,NA,NA,NA,NA,NA
2026,1,3,ARI,LOV121782,LoveJe00,jeremiyah-love-1,Jeremiyah Love,FALSE,RB,RB,O,Notre Dame,21,NA,0,0,0,NA,NA,NA,NA,NA,NA,NA,NA,NA,NA,NA,NA,NA,NA,NA,NA,NA,NA
2026,1,4,TEN,TAT143045,TateCa00,carnell-tate-1,Carnell Tate,FALSE,WR,WR,O,Ohio St.,21,NA,0,0,0,NA,NA,NA,NA,NA,NA,NA,NA,NA,NA,NA,NA,NA,NA,NA,NA,NA,NA
2026,1,5,NYG,REE496321,ReesAr00,arvell-reese-1,Arvell Reese,FALSE,LB,LB,D,Ohio St.,21,NA,0,0,0,NA,NA,NA,NA,NA,NA,NA,NA,NA,NA,NA,NA,NA,NA,NA,NA,NA,NA
2026,1,6,KAN,DEL076452,DelaMa00,mansoor-delane-1,Mansoor Delane,FALSE,CB,DB,D,LSU,22,NA,0,0,0,NA,NA,NA,NA,NA,NA,NA,NA,NA,NA,NA,NA,NA,NA,NA,NA,NA,NA
2026,1,7,WAS,NA,StylSo01,sonny-styles-1,Sonny Styles,FALSE,LB,LB,D,Ohio St.,21,NA,0,0,0,NA,NA,NA,NA,NA,NA,NA,NA,NA,NA,NA,NA,NA,NA,NA,NA,NA,NA
2026,1,8,NOR,TYS405541,TysoJo00,jordyn-tyson-1,Jordyn Tyson,FALSE,WR,WR,O,Arizona St.,22,NA,0,0,0,NA,NA,NA,NA,NA,NA,NA,NA,NA,NA,NA,NA,NA,NA,NA,NA,NA,NA
2026,1,9,CLE,FAN288396,FanoSp00,spencer-fano-1,Spencer Fano,FALSE,OT,OL,O,Utah,21,NA,0,0,0,NA,NA,NA,NA,NA,NA,NA,NA,NA,NA,NA,NA,NA,NA,NA,NA,NA,NA
2026,1,10,NYG,MAU290246,MauiFr01,francis-mauigoa-1,Francis Mauigoa,FALSE,OT,OL,O,Miami (FL),21,NA,0,0,0,NA,NA,NA,NA,NA,NA,NA,NA,NA,NA,NA,NA,NA,NA,NA,NA,NA,NA
2026,1,11,DAL,DOW662609,DownCa00,caleb-downs-1,Caleb Downs,FALSE,S,DB,D,Ohio St.,21,NA,0,0,0,NA,NA,NA,NA,NA,NA,NA,NA,NA,NA,NA,NA,NA,NA,NA,NA,NA,NA
2026,1,12,MIA,PRO114835,ProcKa00,kadyn-proctor-1,Kadyn Proctor,FALSE,OT,OL,O,Alabama,21,NA,0,0,0,NA,NA,NA,NA,NA,NA,NA,NA,NA,NA,NA,NA,NA,NA,NA,NA,NA,NA
2026,1,13,LAR,SIM639376,SimpTy00,ty-simpson-1,Ty Simpson,FALSE,QB,QB,O,Alabama,23,NA,0,0,0,NA,NA,NA,NA,NA,NA,NA,NA,NA,NA,NA,NA,NA,NA,NA,NA,NA,NA
2026,1,14,BAL,IOA451705,IoanOl00,NA,Olaivavega Ioane,FALSE,OG,OG,NA,Penn St.,22,NA,0,0,0,NA,NA,NA,NA,NA,NA,NA,NA,NA,NA,NA,NA,NA,NA,NA,NA,NA,NA
2026,1,15,TAM,BAI741257,BainRu00,rueben-bain-jr-1,Rueben Bain Jr.,FALSE,DE,DL,D,Miami (FL),21,NA,0,0,0,NA,NA,NA,NA,NA,NA,NA,NA,NA,NA,NA,NA,NA,NA,NA,NA,NA,NA
2026,1,16,NYJ,SAD482340,SadiKe00,kenyon-sadiq-1,Kenyon Sadiq,FALSE,TE,TE,O,Oregon,21,NA,0,0,0,NA,NA,NA,NA,NA,NA,NA,NA,NA,NA,NA,NA,NA,NA,NA,NA,NA,NA
2026,1,17,DET,NA,MillBl01,blake-miller-2,Blake Miller,FALSE,OT,OL,O,Clemson,22,NA,0,0,0,NA,NA,NA,NA,NA,NA,NA,NA,NA,NA,NA,NA,NA,NA,NA,NA,NA,NA
2026,1,18,MIN,BAN414915,BankCa01,caleb-banks-1,Caleb Banks,FALSE,DT,DL,D,Florida,23,NA,0,0,0,NA,NA,NA,NA,NA,NA,NA,NA,NA,NA,NA,NA,NA,NA,NA,NA,NA,NA
2026,1,19,CAR,FRE136741,FreeMo00,monroe-freeling-1,Monroe Freeling,FALSE,OT,OL,O,Georgia,22,NA,0,0,0,NA,NA,NA,NA,NA,NA,NA,NA,NA,NA,NA,NA,NA,NA,NA,NA,NA,NA
2026,1,20,PHI,LEM694125,LemoMa00,makai-lemon-1,Makai Lemon,FALSE,WR,WR,O,USC,22,NA,0,0,0,NA,NA,NA,NA,NA,NA,NA,NA,NA,NA,NA,NA,NA,NA,NA,NA,NA,NA
2026,1,21,PIT,IHE074158,IheaMa00,max-iheanachor-1,Max Iheanachor,FALSE,OT,OL,O,Arizona St.,22,NA,0,0,0,NA,NA,NA,NA,NA,NA,NA,NA,NA,NA,NA,NA,NA,NA,NA,NA,NA,NA
2026,1,22,LAC,NA,MesiAk01,akheem-mesidor-1,Akheem Mesidor,FALSE,DE,DL,D,Miami (FL),25,NA,0,0,0,NA,NA,NA,NA,NA,NA,NA,NA,NA,NA,NA,NA,NA,NA,NA,NA,NA,NA
2026,1,23,DAL,LAW442372,LawrMa01,malachi-lawrence-1,Malachi Lawrence,FALSE,DE,DL,D,Central Florida,23,NA,0,0,0,NA,NA,NA,NA,NA,NA,NA,NA,NA,NA,NA,NA,NA,NA,NA,NA,NA,NA
2026,1,24,CLE,CON046719,ConcKC00,NA,KC Concepcion,FALSE,WR,WR,O,Texas A&M,21,NA,0,0,0,NA,NA,NA,NA,NA,NA,NA,NA,NA,NA,NA,NA,NA,NA,NA,NA,NA,NA
2026,1,25,CHI,THI666823,ThieDi00,dillon-thieneman-1,Dillon Thieneman,FALSE,S,DB,D,Oregon,22,NA,0,0,0,NA,NA,NA,NA,NA,NA,NA,NA,NA,NA,NA,NA,NA,NA,NA,NA,NA,NA
2026,1,26,HOU,RUT745912,RutlKe01,keylan-rutledge-1,Keylan Rutledge,FALSE,G,OL,O,Georgia Tech,23,NA,0,0,0,NA,NA,NA,NA,NA,NA,NA,NA,NA,NA,NA,NA,NA,NA,NA,NA,NA,NA
2026,1,27,MIA,NA,JohnCh09,chris-johnson-26,Chris Johnson,FALSE,CB,DB,D,San Diego St.,21,NA,0,0,0,NA,NA,NA,NA,NA,NA,NA,NA,NA,NA,NA,NA,NA,NA,NA,NA,NA,NA
2026,1,28,NWE,LOM719974,LomuCa00,caleb-lomu-1,Caleb Lomu,FALSE,OT,OL,O,Utah,21,NA,0,0,0,NA,NA,NA,NA,NA,NA,NA,NA,NA,NA,NA,NA,NA,NA,NA,NA,NA,NA
2026,1,29,KAN,WOO547869,WoodPe00,peter-woods-1,Peter Woods,FALSE,DT,DL,D,Clemson,21,NA,0,0,0,NA,NA,NA,NA,NA,NA,NA,NA,NA,NA,NA,NA,NA,NA,NA,NA,NA,NA
2026,1,30,NYJ,COO816508,CoopOm00,omar-cooper-jr-1,Omar Cooper Jr.,FALSE,WR,WR,O,Indiana,22,NA,0,0,0,NA,NA,NA,NA,NA,NA,NA,NA,NA,NA,NA,NA,NA,NA,NA,NA,NA,NA
2026,1,31,TEN,FAU124764,FaulKe01,keldric-faulk-1,Keldric Faulk,FALSE,DE,DL,D,Auburn,21,NA,0,0,0,NA,NA,NA,NA,NA,NA,NA,NA,NA,NA,NA,NA,NA,NA,NA,NA,NA,NA
2026,1,32,SEA,PRI206342,PricJa02,jadarian-price-1,Jadarian Price,FALSE,RB,RB,O,Notre Dame,22,NA,0,0,0,NA,NA,NA,NA,NA,NA,NA,NA,NA,NA,NA,NA,NA,NA,NA,NA,NA,NA
2026,2,33,SFO,NA,StriDe01,dezhaun-stribling-1,De'Zhaun Stribling,FALSE,WR,WR,O,Mississippi,23,NA,0,0,0,NA,NA,NA,NA,NA,NA,NA,NA,NA,NA,NA,NA,NA,NA,NA,NA,NA,NA
2026,2,34,ARI,BIS728645,BisoCh00,chase-bistonis-1,Chase Bisontis,FALSE,G,OL,O,Texas A&M,22,NA,0,0,0,NA,NA,NA,NA,NA,NA,NA,NA,NA,NA,NA,NA,NA,NA,NA,NA,NA,NA
2026,2,35,BUF,PAR429755,ParkTJ00,tj-parker-1,T.J. Parker,FALSE,DE,DL,D,Clemson,21,NA,0,0,0,NA,NA,NA,NA,NA,NA,NA,NA,NA,NA,NA,NA,NA,NA,NA,NA,NA,NA
2026,2,36,HOU,MCD411150,McDoKa00,kayden-mcdonald-1,Kayden McDonald,FALSE,DT,DL,D,Ohio St.,21,NA,0,0,0,NA,NA,NA,NA,NA,NA,NA,NA,NA,NA,NA,NA,NA,NA,NA,NA,NA,NA
2026,2,37,NYG,HOO037014,HoodCo00,colton-hood-1,Colton Hood,FALSE,CB,DB,D,Tennessee,21,NA,0,0,0,NA,NA,NA,NA,NA,NA,NA,NA,NA,NA,NA,NA,NA,NA,NA,NA,NA,NA
2026,2,38,LVR,STU595590,StukTr00,treydan-stukes-1,Treydan Stukes,FALSE,CB,DB,D,Arizona,24,NA,0,0,0,NA,NA,NA,NA,NA,NA,NA,NA,NA,NA,NA,NA,NA,NA,NA,NA,NA,NA
2026,2,39,CLE,BOS677861,BostDe00,denzel-boston-1,Denzel Boston,FALSE,WR,WR,O,Washington,22,NA,0,0,0,NA,NA,NA,NA,NA,NA,NA,NA,NA,NA,NA,NA,NA,NA,NA,NA,NA,NA
2026,2,40,KAN,THO336441,MasoR01,NA,R Mason Thomas,FALSE,DE,DL,D,Oklahoma,22,NA,0,0,0,NA,NA,NA,NA,NA,NA,NA,NA,NA,NA,NA,NA,NA,NA,NA,NA,NA,NA
2026,2,41,CIN,HOW526021,HoweCa00,cashius-howell-1,Cashius Howell,FALSE,DE,DL,D,Texas A&M,23,NA,0,0,0,NA,NA,NA,NA,NA,NA,NA,NA,NA,NA,NA,NA,NA,NA,NA,NA,NA,NA
2026,2,42,NOR,MIL178336,MillCh01,christen-miller-1,Christen Miller,FALSE,DT,DL,D,Georgia,22,NA,0,0,0,NA,NA,NA,NA,NA,NA,NA,NA,NA,NA,NA,NA,NA,NA,NA,NA,NA,NA
2026,2,43,MIA,ROD653823,RodrJa00,jacob-rodriguez-1,Jacob Rodriguez,FALSE,LB,LB,D,Texas Tech,24,NA,0,0,0,NA,NA,NA,NA,NA,NA,NA,NA,NA,NA,NA,NA,NA,NA,NA,NA,NA,NA
2026,2,44,DET,MOO271522,MoorDe03,derrick-moore-1,Derrick Moore,FALSE,DE,DL,D,Michigan,23,NA,0,0,0,NA,NA,NA,NA,NA,NA,NA,NA,NA,NA,NA,NA,NA,NA,NA,NA,NA,NA
2026,2,45,BAL,YOU702783,YounZi00,zion-young-1,Zion Young,FALSE,DE,DL,D,Missouri,22,NA,0,0,0,NA,NA,NA,NA,NA,NA,NA,NA,NA,NA,NA,NA,NA,NA,NA,NA,NA,NA
2026,2,46,TAM,TRO474324,TrotJo00,josiah-trotter-1,Josiah Trotter,FALSE,LB,LB,D,Missouri,21,NA,0,0,0,NA,NA,NA,NA,NA,NA,NA,NA,NA,NA,NA,NA,NA,NA,NA,NA,NA,NA
2026,2,47,PIT,BER218265,BernGe00,germie-bernard-1,Germie Bernard,FALSE,WR,WR,O,Alabama,22,NA,0,0,0,NA,NA,NA,NA,NA,NA,NA,NA,NA,NA,NA,NA,NA,NA,NA,NA,NA,NA
2026,2,48,ATL,TER273657,TerrAv00,avieon-terrell-1,Avieon Terrell,FALSE,CB,DB,D,Clemson,21,NA,0,0,0,NA,NA,NA,NA,NA,NA,NA,NA,NA,NA,NA,NA,NA,NA,NA,NA,NA,NA
2026,2,49,CAR,HUN721690,HuntLe00,lee-hunter-1,Lee Hunter,FALSE,DT,DL,D,Texas Tech,24,NA,0,0,0,NA,NA,NA,NA,NA,NA,NA,NA,NA,NA,NA,NA,NA,NA,NA,NA,NA,NA
2026,2,50,NYJ,PON552872,PondDA00,dangelo-ponds-1,D'Angelo Ponds,FALSE,CB,DB,D,Indiana,21,NA,0,0,0,NA,NA,NA,NA,NA,NA,NA,NA,NA,NA,NA,NA,NA,NA,NA,NA,NA,NA
2026,2,51,MIN,GOL029315,GoldJa01,jake-golday-1,Jake Golday,FALSE,LB,LB,D,Cincinnati,23,NA,0,0,0,NA,NA,NA,NA,NA,NA,NA,NA,NA,NA,NA,NA,NA,NA,NA,NA,NA,NA
2026,2,52,GNB,CIS501810,CissBr00,brandon-cisse-1,Brandon Cisse,FALSE,CB,DB,D,South Carolina,21,NA,0,0,0,NA,NA,NA,NA,NA,NA,NA,NA,NA,NA,NA,NA,NA,NA,NA,NA,NA,NA
2026,2,53,IND,ALL081937,AlleCJ00,NA,CJ Allen,FALSE,LB,LB,D,Georgia,21,NA,0,0,0,NA,NA,NA,NA,NA,NA,NA,NA,NA,NA,NA,NA,NA,NA,NA,NA,NA,NA
2026,2,54,PHI,STO806346,StowEl00,eli-stowers-1,Eli Stowers,FALSE,TE,TE,O,Vanderbilt,23,NA,0,0,0,NA,NA,NA,NA,NA,NA,NA,NA,NA,NA,NA,NA,NA,NA,NA,NA,NA,NA
2026,2,55,NWE,JAC003008,JacaGa00,gabe-jacas-1,Gabe Jacas,FALSE,DE,DL,D,Illinois,22,NA,0,0,0,NA,NA,NA,NA,NA,NA,NA,NA,NA,NA,NA,NA,NA,NA,NA,NA,NA,NA
2026,2,56,JAX,BOE586077,BoerNa00,nate-boerkircher-1,Nate Boerkircher,FALSE,TE,TE,O,Texas A&M,25,NA,0,0,0,NA,NA,NA,NA,NA,NA,NA,NA,NA,NA,NA,NA,NA,NA,NA,NA,NA,NA
2026,2,57,CHI,NA,JoneLo01,logan-jones-1,Logan Jones,FALSE,C,OL,O,Iowa,24,NA,0,0,0,NA,NA,NA,NA,NA,NA,NA,NA,NA,NA,NA,NA,NA,NA,NA,NA,NA,NA
2026,2,58,CLE,MCN709443,McNeEm00,emmanuel-mcneil-warren-1,Emmanuel McNeil-Warren,FALSE,S,DB,D,Toledo,22,NA,0,0,0,NA,NA,NA,NA,NA,NA,NA,NA,NA,NA,NA,NA,NA,NA,NA,NA,NA,NA
2026,2,59,HOU,KLE258860,KleiMa00,marlin-klein-1,Marlin Klein,FALSE,TE,TE,O,Michigan,23,NA,0,0,0,NA,NA,NA,NA,NA,NA,NA,NA,NA,NA,NA,NA,NA,NA,NA,NA,NA,NA
2026,2,60,TEN,HIL735988,HillAn01,anthony-hill-jr-1,Anthony Hill Jr.,FALSE,LB,LB,D,Texas,21,NA,0,0,0,NA,NA,NA,NA,NA,NA,NA,NA,NA,NA,NA,NA,NA,NA,NA,NA,NA,NA
2026,2,61,LAR,KLA269938,KlarMa00,max-klare-1,Max Klare,FALSE,TE,TE,O,Ohio St.,23,NA,0,0,0,NA,NA,NA,NA,NA,NA,NA,NA,NA,NA,NA,NA,NA,NA,NA,NA,NA,NA
2026,2,62,BUF,NA,IgbiDa01,davison-igbinosun-1,Davison Igbinosun,FALSE,CB,DB,D,Ohio St.,22,NA,0,0,0,NA,NA,NA,NA,NA,NA,NA,NA,NA,NA,NA,NA,NA,NA,NA,NA,NA,NA
2026,2,63,LAC,NA,SlauJa02,jake-slaughter-2,Jake Slaughter,FALSE,C,OL,O,Florida,23,NA,0,0,0,NA,NA,NA,NA,NA,NA,NA,NA,NA,NA,NA,NA,NA,NA,NA,NA,NA,NA
2026,2,64,SEA,CLA214868,ClarBu00,bud-clark-1,Bud Clark,FALSE,S,DB,D,TCU,24,NA,0,0,0,NA,NA,NA,NA,NA,NA,NA,NA,NA,NA,NA,NA,NA,NA,NA,NA,NA,NA
2026,3,65,ARI,NA,BeckCa01,carson-beck-1,Carson Beck,FALSE,QB,QB,O,Miami (FL),24,NA,0,0,0,NA,NA,NA,NA,NA,NA,NA,NA,NA,NA,NA,NA,NA,NA,NA,NA,NA,NA
2026,3,66,DEN,ONY082240,OnyeTy00,NA,Tyler Onyedim,FALSE,DT,DL,D,Texas A&M,23,NA,0,0,0,NA,NA,NA,NA,NA,NA,NA,NA,NA,NA,NA,NA,NA,NA,NA,NA,NA,NA
2026,3,67,LVR,CRA690179,CrawKe01,keyron-crawford-1,Keyron Crawford,FALSE,DE,DL,D,Auburn,22,NA,0,0,0,NA,NA,NA,NA,NA,NA,NA,NA,NA,NA,NA,NA,NA,NA,NA,NA,NA,NA
2026,3,68,PHI,BEL506870,BellMa02,markel-bell-1,Markel Bell,FALSE,OT,OL,O,Miami (FL),22,NA,0,0,0,NA,NA,NA,NA,NA,NA,NA,NA,NA,NA,NA,NA,NA,NA,NA,NA,NA,NA
2026,3,69,CHI,ROU550040,RousSa00,sam-roush-1,Sam Roush,FALSE,TE,TE,O,Stanford,23,NA,0,0,0,NA,NA,NA,NA,NA,NA,NA,NA,NA,NA,NA,NA,NA,NA,NA,NA,NA,NA
2026,3,70,SFO,HEI137526,HeigRo00,romello-height-1,Romello Height,FALSE,DE,DL,D,Texas Tech,25,NA,0,0,0,NA,NA,NA,NA,NA,NA,NA,NA,NA,NA,NA,NA,NA,NA,NA,NA,NA,NA
2026,3,71,WAS,WIL143106,WillAn04,antonio-williams-2,Antonio Williams,FALSE,WR,WR,O,Clemson,22,NA,0,0,0,NA,NA,NA,NA,NA,NA,NA,NA,NA,NA,NA,NA,NA,NA,NA,NA,NA,NA
2026,3,72,CIN,DAV763631,DaviTa01,tacario-davis-1,Tacario Davis,FALSE,CB,DB,D,Washington,22,NA,0,0,0,NA,NA,NA,NA,NA,NA,NA,NA,NA,NA,NA,NA,NA,NA,NA,NA,NA,NA
2026,3,73,NOR,NA,DelpOs01,oscar-delp-1,Oscar Delp,FALSE,TE,TE,O,Georgia,23,NA,0,0,0,NA,NA,NA,NA,NA,NA,NA,NA,NA,NA,NA,NA,NA,NA,NA,NA,NA,NA
2026,3,74,NYG,FIE775129,FielMa00,malachi-fields-1,Malachi Fields,FALSE,WR,WR,O,Notre Dame,23,NA,0,0,0,NA,NA,NA,NA,NA,NA,NA,NA,NA,NA,NA,NA,NA,NA,NA,NA,NA,NA
2026,3,75,MIA,DOU210628,DougCa00,caleb-douglas-1,Caleb Douglas,FALSE,WR,WR,O,Texas Tech,22,NA,0,0,0,NA,NA,NA,NA,NA,NA,NA,NA,NA,NA,NA,NA,NA,NA,NA,NA,NA,NA
2026,3,76,PIT,ALL015451,AllaDr00,drew-allar-1,Drew Allar,FALSE,QB,QB,O,Penn St.,22,NA,0,0,0,NA,NA,NA,NA,NA,NA,NA,NA,NA,NA,NA,NA,NA,NA,NA,NA,NA,NA
2026,3,77,GNB,MCC380309,McClCh01,chris-mcclellan-1,Chris McClellan,FALSE,DT,DL,D,Missouri,22,NA,0,0,0,NA,NA,NA,NA,NA,NA,NA,NA,NA,NA,NA,NA,NA,NA,NA,NA,NA,NA
2026,3,78,IND,HAU244817,HaulAJ00,aj-haulcy-1,A.J. Haulcy,FALSE,S,DB,D,LSU,22,NA,0,0,0,NA,NA,NA,NA,NA,NA,NA,NA,NA,NA,NA,NA,NA,NA,NA,NA,NA,NA
2026,3,79,ATL,BRA531428,BranZa00,zachariah-branch-1,Zachariah Branch,FALSE,WR,WR,O,Georgia,22,NA,0,0,0,NA,NA,NA,NA,NA,NA,NA,NA,NA,NA,NA,NA,NA,NA,NA,NA,NA,NA
2026,3,80,BAL,LAN311008,LaneJa01,jakobi-lane-1,Ja'Kobi Lane,FALSE,WR,WR,O,USC,22,NA,0,0,0,NA,NA,NA,NA,NA,NA,NA,NA,NA,NA,NA,NA,NA,NA,NA,NA,NA,NA
2026,3,81,JAX,REG457314,RegiAl00,albert-regis-1,Albert Regis,FALSE,DT,DL,D,Texas A&M,23,NA,0,0,0,NA,NA,NA,NA,NA,NA,NA,NA,NA,NA,NA,NA,NA,NA,NA,NA,NA,NA
2026,3,82,MIN,ORA430123,OranDo00,domonique-orange-1,Domonique Orange,FALSE,DT,DL,D,Iowa St.,22,NA,0,0,0,NA,NA,NA,NA,NA,NA,NA,NA,NA,NA,NA,NA,NA,NA,NA,NA,NA,NA
2026,3,83,CAR,BRA836631,BrazCh01,NA,Chris Brazzell II,FALSE,WR,WR,O,Tennessee,22,NA,0,0,0,NA,NA,NA,NA,NA,NA,NA,NA,NA,NA,NA,NA,NA,NA,NA,NA,NA,NA
2026,3,84,TAM,HUR541377,HursTe00,NA,Ted Hurst,FALSE,WR,WR,O,Georgia St.,22,NA,0,0,0,NA,NA,NA,NA,NA,NA,NA,NA,NA,NA,NA,NA,NA,NA,NA,NA,NA,NA
2026,3,85,PIT,EVE502066,EverDa00,daylen-everette-1,Daylen Everette,FALSE,CB,DB,D,Georgia,22,NA,0,0,0,NA,NA,NA,NA,NA,NA,NA,NA,NA,NA,NA,NA,NA,NA,NA,NA,NA,NA
2026,3,86,CLE,BAR027806,BarbAu00,austin-barber-1,Austin Barber,FALSE,OT,OL,O,Florida,23,NA,0,0,0,NA,NA,NA,NA,NA,NA,NA,NA,NA,NA,NA,NA,NA,NA,NA,NA,NA,NA
2026,3,87,MIA,KAC282861,KacmWi00,NA,Will Kacmarek,FALSE,TE,TE,O,Ohio St.,23,NA,0,0,0,NA,NA,NA,NA,NA,NA,NA,NA,NA,NA,NA,NA,NA,NA,NA,NA,NA,NA
2026,3,88,JAX,PRE207645,PregEm00,emmanuel-pregnon-1,Emmanuel Pregnon,FALSE,G,OL,O,Oregon,24,NA,0,0,0,NA,NA,NA,NA,NA,NA,NA,NA,NA,NA,NA,NA,NA,NA,NA,NA,NA,NA
2026,3,89,CHI,THO417520,ThomZa05,zavion-thomas-1,Zavion Thomas,FALSE,WR,WR,O,LSU,21,NA,0,0,0,NA,NA,NA,NA,NA,NA,NA,NA,NA,NA,NA,NA,NA,NA,NA,NA,NA,NA
2026,3,90,SFO,BLA097235,BlacKa00,kaelon-black-1,Kaelon Black,FALSE,RB,RB,O,Indiana,24,NA,0,0,0,NA,NA,NA,NA,NA,NA,NA,NA,NA,NA,NA,NA,NA,NA,NA,NA,NA,NA
2026,3,91,LVR,NA,ZuhnTr01,trey-zuhn-iii-1,Trey Zuhn III,FALSE,OT,OL,O,Texas A&M,23,NA,0,0,0,NA,NA,NA,NA,NA,NA,NA,NA,NA,NA,NA,NA,NA,NA,NA,NA,NA,NA
2026,3,92,DAL,NA,BarhJa01,jaishawn-barham-1,Jaishawn Barham,FALSE,DE,DL,D,Michigan,22,NA,0,0,0,NA,NA,NA,NA,NA,NA,NA,NA,NA,NA,NA,NA,NA,NA,NA,NA,NA,NA
2026,3,93,LAR,TRO363377,TrosKe00,NA,Keagen Trost,FALSE,OL,OL,O,Missouri,25,NA,0,0,0,NA,NA,NA,NA,NA,NA,NA,NA,NA,NA,NA,NA,NA,NA,NA,NA,NA,NA
2026,3,94,MIA,BEL267684,BellCh00,chris-bell-2,Chris Bell,FALSE,WR,WR,O,Louisville,22,NA,0,0,0,NA,NA,NA,NA,NA,NA,NA,NA,NA,NA,NA,NA,NA,NA,NA,NA,NA,NA
2026,3,95,NWE,RAR148318,RariEl00,eli-raridon-1,Eli Raridon,FALSE,TE,TE,O,Notre Dame,22,NA,0,0,0,NA,NA,NA,NA,NA,NA,NA,NA,NA,NA,NA,NA,NA,NA,NA,NA,NA,NA
2026,3,96,PIT,DUN460818,DunkGe00,gennings-dunker-1,Gennings Dunker,FALSE,OT,OL,O,Iowa,23,NA,0,0,0,NA,NA,NA,NA,NA,NA,NA,NA,NA,NA,NA,NA,NA,NA,NA,NA,NA,NA
2026,3,97,MIN,TIE174859,TierCa00,caleb-tiernan-1,Caleb Tiernan,FALSE,OT,OL,O,Northwestern,23,NA,0,0,0,NA,NA,NA,NA,NA,NA,NA,NA,NA,NA,NA,NA,NA,NA,NA,NA,NA,NA
2026,3,98,MIN,THO214473,ThomJa07,NA,Jakobe Thomas,FALSE,S,DB,D,Miami (FL),23,NA,0,0,0,NA,NA,NA,NA,NA,NA,NA,NA,NA,NA,NA,NA,NA,NA,NA,NA,NA,NA
2026,3,99,SEA,NEA218476,NealJu00,julian-neal-1,Julian Neal,FALSE,CB,DB,D,Arkansas,23,NA,0,0,0,NA,NA,NA,NA,NA,NA,NA,NA,NA,NA,NA,NA,NA,NA,NA,NA,NA,NA
2026,3,100,JAX,HUS203707,HuskJa00,jalen-huskey-1,Jalen Huskey,FALSE,S,DB,D,Maryland,23,NA,0,0,0,NA,NA,NA,NA,NA,NA,NA,NA,NA,NA,NA,NA,NA,NA,NA,NA,NA,NA
2026,4,101,LVR,MCC606207,McCoJe00,jermod-mccoy-1,Jermod McCoy,FALSE,CB,DB,D,Tennessee,21,NA,0,0,0,NA,NA,NA,NA,NA,NA,NA,NA,NA,NA,NA,NA,NA,NA,NA,NA,NA,NA
2026,4,102,BUF,BOW688689,BowrJu00,jude-bowry-1,Jude Bowry,FALSE,OT,OL,O,Boston Col.,23,NA,0,0,0,NA,NA,NA,NA,NA,NA,NA,NA,NA,NA,NA,NA,NA,NA,NA,NA,NA,NA
2026,4,103,NYJ,NA,JackDa06,darrell-jackson-3,Darrell Jackson Jr.,FALSE,DT,DL,D,Florida St.,23,NA,0,0,0,NA,NA,NA,NA,NA,NA,NA,NA,NA,NA,NA,NA,NA,NA,NA,NA,NA,NA
2026,4,104,ARI,PRO115871,ProcKa01,NA,Kaleb Proctor,FALSE,DT,DL,D,Southeastern Louisiana,22,NA,0,0,0,NA,NA,NA,NA,NA,NA,NA,NA,NA,NA,NA,NA,NA,NA,NA,NA,NA,NA
2026,4,105,LAC,THO495568,ThomBr07,brenen-thompson-1,Brenen Thompson,FALSE,WR,WR,O,Mississippi St.,23,NA,0,0,0,NA,NA,NA,NA,NA,NA,NA,NA,NA,NA,NA,NA,NA,NA,NA,NA,NA,NA
2026,4,106,HOU,NWA332675,NwaiFe00,NA,Febechi Nwaiwu,FALSE,OL,OL,O,Oklahoma,23,NA,0,0,0,NA,NA,NA,NA,NA,NA,NA,NA,NA,NA,NA,NA,NA,NA,NA,NA,NA,NA
2026,4,107,SFO,HAL773343,HaltGr00,gracen-halton-1,Gracen Halton,FALSE,DT,DL,D,Oklahoma,22,NA,0,0,0,NA,NA,NA,NA,NA,NA,NA,NA,NA,NA,NA,NA,NA,NA,NA,NA,NA,NA
2026,4,108,DEN,COL293648,ColeJo00,jonah-coleman-1,Jonah Coleman,FALSE,RB,RB,O,Washington,23,NA,0,0,0,NA,NA,NA,NA,NA,NA,NA,NA,NA,NA,NA,NA,NA,NA,NA,NA,NA,NA
2026,4,109,KAN,CAN132804,CanaJa00,jadon-canady-1,Jadon Canady,FALSE,CB,DB,D,Oregon,23,NA,0,0,0,NA,NA,NA,NA,NA,NA,NA,NA,NA,NA,NA,NA,NA,NA,NA,NA,NA,NA
2026,4,110,NYJ,KLU066027,KlubCa00,cade-klubnik-1,Cade Klubnik,FALSE,QB,QB,O,Clemson,22,NA,0,0,0,NA,NA,NA,NA,NA,NA,NA,NA,NA,NA,NA,NA,NA,NA,NA,NA,NA,NA
2026,4,111,DEN,CAS230016,CaseKa00,kage-casey-1,Kage Casey,FALSE,OT,OL,O,Boise St.,22,NA,0,0,0,NA,NA,NA,NA,NA,NA,NA,NA,NA,NA,NA,NA,NA,NA,NA,NA,NA,NA
2026,4,112,DAL,SHE412506,ShelDr00,drew-shelton-1,Drew Shelton,FALSE,OT,OL,O,Penn St.,22,NA,0,0,0,NA,NA,NA,NA,NA,NA,NA,NA,NA,NA,NA,NA,NA,NA,NA,NA,NA,NA
2026,4,113,IND,FAR311466,FarmJa00,jalen-farmer-1,Jalen Farmer,FALSE,G,OL,O,Kentucky,22,NA,0,0,0,NA,NA,NA,NA,NA,NA,NA,NA,NA,NA,NA,NA,NA,NA,NA,NA,NA,NA
2026,4,114,DAL,MOO271747,MoorDe04,devin-moore-2,Devin Moore,FALSE,CB,DB,D,Florida,22,NA,0,0,0,NA,NA,NA,NA,NA,NA,NA,NA,NA,NA,NA,NA,NA,NA,NA,NA,NA,NA
2026,4,115,BAL,SAR527100,SarrEl00,elijah-sarratt-1,Elijah Sarratt,FALSE,WR,WR,O,Indiana,23,NA,0,0,0,NA,NA,NA,NA,NA,NA,NA,NA,NA,NA,NA,NA,NA,NA,NA,NA,NA,NA
2026,4,116,TAM,SCO432585,ScotKe01,keionte-scott-1,Keionte Scott,FALSE,CB,DB,D,Miami (FL),25,NA,0,0,0,NA,NA,NA,NA,NA,NA,NA,NA,NA,NA,NA,NA,NA,NA,NA,NA,NA,NA
2026,4,117,LAC,BUR232344,BurkTr01,travis-burke-1,Travis Burke,FALSE,OT,OL,O,Memphis,23,NA,0,0,0,NA,NA,NA,NA,NA,NA,NA,NA,NA,NA,NA,NA,NA,NA,NA,NA,NA,NA
2026,4,118,DET,ROL284567,RoldJi00,jimmy-rolder-1,Jimmy Rolder,FALSE,LB,LB,D,Michigan,22,NA,0,0,0,NA,NA,NA,NA,NA,NA,NA,NA,NA,NA,NA,NA,NA,NA,NA,NA,NA,NA
2026,4,119,JAX,WIL571685,WillWe01,wesley-williams-3,Wesley Williams,FALSE,DE,DL,D,Duke,21,NA,0,0,0,NA,NA,NA,NA,NA,NA,NA,NA,NA,NA,NA,NA,NA,NA,NA,NA,NA,NA
2026,4,120,GNB,DEN527092,DennDa01,dani-dennis-sutton-1,Dani Dennis-Sutton,FALSE,DE,DL,D,Penn St.,22,NA,0,0,0,NA,NA,NA,NA,NA,NA,NA,NA,NA,NA,NA,NA,NA,NA,NA,NA,NA,NA
2026,4,121,PIT,WET055619,WetjKa00,kaden-wetjen-1,Kaden Wetjen,FALSE,WR,WR,O,Iowa,24,NA,0,0,0,NA,NA,NA,NA,NA,NA,NA,NA,NA,NA,NA,NA,NA,NA,NA,NA,NA,NA
2026,4,122,LVR,WAS797326,WashMi00,mike-washington-5,Mike Washington Jr.,FALSE,RB,RB,O,Arkansas,23,NA,0,0,0,NA,NA,NA,NA,NA,NA,NA,NA,NA,NA,NA,NA,NA,NA,NA,NA,NA,NA
2026,4,123,HOU,WOO238011,WoodWa00,wade-woodaz-1,Wade Woodaz,FALSE,LB,LB,D,Clemson,22,NA,0,0,0,NA,NA,NA,NA,NA,NA,NA,NA,NA,NA,NA,NA,NA,NA,NA,NA,NA,NA
2026,4,124,CHI,MUH424065,MuhaMa00,malik-muhammad-1,Malik Muhammad,FALSE,CB,DB,D,Texas,21,NA,0,0,0,NA,NA,NA,NA,NA,NA,NA,NA,NA,NA,NA,NA,NA,NA,NA,NA,NA,NA
2026,4,125,BUF,BEL597603,BellSk00,skyler-bell-1,Skyler Bell,FALSE,WR,WR,O,Connecticut,24,NA,0,0,0,NA,NA,NA,NA,NA,NA,NA,NA,NA,NA,NA,NA,NA,NA,NA,NA,NA,NA
2026,4,126,BUF,ELA577722,ElarKa00,kaleb-elarms-orr-1,Kaleb Elarms-Orr,FALSE,LB,LB,D,TCU,23,NA,0,0,0,NA,NA,NA,NA,NA,NA,NA,NA,NA,NA,NA,NA,NA,NA,NA,NA,NA,NA
2026,4,127,SFO,WIL597533,WillCa05,NA,Carver Willis,FALSE,OL,OL,O,Washington,24,NA,0,0,0,NA,NA,NA,NA,NA,NA,NA,NA,NA,NA,NA,NA,NA,NA,NA,NA,NA,NA
2026,4,128,CIN,LEW000720,LewxCo00,connor-lew-1,Connor Lew,FALSE,C,OL,O,Auburn,21,NA,0,0,0,NA,NA,NA,NA,NA,NA,NA,NA,NA,NA,NA,NA,NA,NA,NA,NA,NA,NA
2026,4,129,CAR,LEE752385,LeexWi00,will-lee-iii-1,Will Lee III,FALSE,CB,DB,D,Texas A&M,23,NA,0,0,0,NA,NA,NA,NA,NA,NA,NA,NA,NA,NA,NA,NA,NA,NA,NA,NA,NA,NA
2026,4,130,MIA,NA,MoorTr02,trey-moore-1,Trey Moore,FALSE,LB,LB,D,Texas,23,NA,0,0,0,NA,NA,NA,NA,NA,NA,NA,NA,NA,NA,NA,NA,NA,NA,NA,NA,NA,NA
2026,4,131,LAC,SMI292320,SmitGe01,genesis-smith-1,Genesis Smith,FALSE,S,DB,D,Arizona,21,NA,0,0,0,NA,NA,NA,NA,NA,NA,NA,NA,NA,NA,NA,NA,NA,NA,NA,NA,NA,NA
2026,4,132,NOR,WRI429131,WrigJe00,jeremiah-wright-1,Jeremiah Wright,FALSE,G,OL,O,Auburn,25,NA,0,0,0,NA,NA,NA,NA,NA,NA,NA,NA,NA,NA,NA,NA,NA,NA,NA,NA,NA,NA
2026,4,133,BAL,HIB564972,HibnMa00,matthew-hibner-1,Matthew Hibner,FALSE,TE,TE,O,SMU,24,NA,0,0,0,NA,NA,NA,NA,NA,NA,NA,NA,NA,NA,NA,NA,NA,NA,NA,NA,NA,NA
2026,4,134,ATL,DAN573886,DaniKe00,kendal-daniels-1,Kendal Daniels,FALSE,LB,LB,D,Oklahoma,23,NA,0,0,0,NA,NA,NA,NA,NA,NA,NA,NA,NA,NA,NA,NA,NA,NA,NA,NA,NA,NA
2026,4,135,IND,BOE687650,BoetBr00,bryce-boettcher-1,Bryce Boettcher,FALSE,LB,LB,D,Oregon,24,NA,0,0,0,NA,NA,NA,NA,NA,NA,NA,NA,NA,NA,NA,NA,NA,NA,NA,NA,NA,NA
2026,4,136,NOR,LAN016345,LancBr00,NA,Bryce Lance,FALSE,WR,WR,O,North Dakota St.,24,NA,0,0,0,NA,NA,NA,NA,NA,NA,NA,NA,NA,NA,NA,NA,NA,NA,NA,NA,NA,NA
2026,4,137,DAL,OVE669714,OverLT00,NA,LT Overton,FALSE,DE,DL,D,Alabama,21,NA,0,0,0,NA,NA,NA,NA,NA,NA,NA,NA,NA,NA,NA,NA,NA,NA,NA,NA,NA,NA
2026,4,138,MIA,LOU656270,LouiKy00,kyle-louis-1,Kyle Louis,FALSE,LB,LB,D,Pittsburgh,22,NA,0,0,0,NA,NA,NA,NA,NA,NA,NA,NA,NA,NA,NA,NA,NA,NA,NA,NA,NA,NA
2026,4,139,SFO,PRY485791,PrysEp00,ephesians-prysock-1,Ephesians Prysock,FALSE,CB,DB,D,Washington,23,NA,0,0,0,NA,NA,NA,NA,NA,NA,NA,NA,NA,NA,NA,NA,NA,NA,NA,NA,NA,NA
2026,4,140,CIN,NA,YounCo01,colbie-young-1,Colbie Young,FALSE,WR,WR,O,Georgia,24,NA,0,0,0,NA,NA,NA,NA,NA,NA,NA,NA,NA,NA,NA,NA,NA,NA,NA,NA,NA,NA
2026,5,141,HOU,RAM451449,RamsKa01,kamari-ramsey-1,Kamari Ramsey,FALSE,S,DB,D,USC,22,NA,0,0,0,NA,NA,NA,NA,NA,NA,NA,NA,NA,NA,NA,NA,NA,NA,NA,NA,NA,NA
2026,5,142,TEN,CAR227183,CarmFe00,fernando-carmona-jr-1,Fernando Carmona,FALSE,G,OL,O,Arkansas,24,NA,0,0,0,NA,NA,NA,NA,NA,NA,NA,NA,NA,NA,NA,NA,NA,NA,NA,NA,NA,NA
2026,5,143,ARI,VIR271235,VirgRe00,NA,Reggie Virgil,FALSE,WR,WR,O,Texas Tech,22,NA,0,0,0,NA,NA,NA,NA,NA,NA,NA,NA,NA,NA,NA,NA,NA,NA,NA,NA,NA,NA
2026,5,144,CAR,HEC090844,HechSa00,sam-hecht-1,Sam Hecht,FALSE,C,OL,O,Kansas St.,23,NA,0,0,0,NA,NA,NA,NA,NA,NA,NA,NA,NA,NA,NA,NA,NA,NA,NA,NA,NA,NA
2026,5,145,LAC,BAR644760,BarrNi00,NA,Nick Barrett,FALSE,DT,DL,D,South Carolina,23,NA,0,0,0,NA,NA,NA,NA,NA,NA,NA,NA,NA,NA,NA,NA,NA,NA,NA,NA,NA,NA
2026,5,146,CLE,NA,BraiPa01,parker-brailsford-1,Parker Brailsford,FALSE,C,OL,O,Alabama,22,NA,0,0,0,NA,NA,NA,NA,NA,NA,NA,NA,NA,NA,NA,NA,NA,NA,NA,NA,NA,NA
2026,5,147,WAS,JOS432775,JoseJo00,joshua-josephs-1,Joshua Josephs,FALSE,DE,DL,D,Tennessee,22,NA,0,0,0,NA,NA,NA,NA,NA,NA,NA,NA,NA,NA,NA,NA,NA,NA,NA,NA,NA,NA
2026,5,148,SEA,STE352098,StepBe00,beau-stephens-2,Beau Stephens,FALSE,G,OL,O,Iowa,23,NA,0,0,0,NA,NA,NA,NA,NA,NA,NA,NA,NA,NA,NA,NA,NA,NA,NA,NA,NA,NA
2026,5,149,CLE,JEF270909,JeffJu01,justin-jefferson-3,Justin Jefferson,FALSE,LB,LB,D,Alabama,23,NA,0,0,0,NA,NA,NA,NA,NA,NA,NA,NA,NA,NA,NA,NA,NA,NA,NA,NA,NA,NA
2026,5,150,LVR,JOH146479,JohnDa11,NA,Dalton Johnson,FALSE,S,DB,D,Arizona,23,NA,0,0,0,NA,NA,NA,NA,NA,NA,NA,NA,NA,NA,NA,NA,NA,NA,NA,NA,NA,NA
2026,5,151,CAR,WHE088341,WheaZa00,zakee-wheatley-1,Zakee Wheatley,FALSE,S,DB,D,Penn St.,24,NA,0,0,0,NA,NA,NA,NA,NA,NA,NA,NA,NA,NA,NA,NA,NA,NA,NA,NA,NA,NA
2026,5,152,DEN,JOL735174,JolyJu00,justin-joly-1,Justin Joly,FALSE,TE,TE,O,North Carolina St.,22,NA,0,0,0,NA,NA,NA,NA,NA,NA,NA,NA,NA,NA,NA,NA,NA,NA,NA,NA,NA,NA
2026,5,153,GNB,BUR765006,BurtJa02,jager-burton-1,Jager Burton,FALSE,C,OL,O,Kentucky,24,NA,0,0,0,NA,NA,NA,NA,NA,NA,NA,NA,NA,NA,NA,NA,NA,NA,NA,NA,NA,NA
2026,5,154,SFO,DUG617307,DuggJa00,NA,Jaden Dugger,FALSE,OLB,LB,D,Louisiana,22,NA,0,0,0,NA,NA,NA,NA,NA,NA,NA,NA,NA,NA,NA,NA,NA,NA,NA,NA,NA,NA
2026,5,155,TAM,CAP070789,CapeDe00,demonte-capehart-1,DeMonte Capehart,FALSE,DT,DL,D,Clemson,24,NA,0,0,0,NA,NA,NA,NA,NA,NA,NA,NA,NA,NA,NA,NA,NA,NA,NA,NA,NA,NA
2026,5,156,IND,GUM487168,GumbGe00,george-gumbs-1,George Gumbs Jr.,FALSE,DE,DL,D,Florida,23,NA,0,0,0,NA,NA,NA,NA,NA,NA,NA,NA,NA,NA,NA,NA,NA,NA,NA,NA,NA,NA
2026,5,157,DET,ABN189231,AbneKe00,NA,Keith Abney II,FALSE,CB,DB,D,Arizona St.,21,NA,0,0,0,NA,NA,NA,NA,NA,NA,NA,NA,NA,NA,NA,NA,NA,NA,NA,NA,NA,NA
2026,5,158,MIA,TAA201645,TaafMi00,michael-taaffe-1,Michael Taaffe,FALSE,S,DB,D,Texas,23,NA,0,0,0,NA,NA,NA,NA,NA,NA,NA,NA,NA,NA,NA,NA,NA,NA,NA,NA,NA,NA
2026,5,159,MIN,BRE060106,BredMa00,NA,Max Bredeson,FALSE,TE,TE,O,Michigan,23,NA,0,0,0,NA,NA,NA,NA,NA,NA,NA,NA,NA,NA,NA,NA,NA,NA,NA,NA,NA,NA
2026,5,160,TAM,SCH497640,SchrBi01,billy-schrauth-1,Billy Schrauth,FALSE,G,OL,O,Notre Dame,22,NA,0,0,0,NA,NA,NA,NA,NA,NA,NA,NA,NA,NA,NA,NA,NA,NA,NA,NA,NA,NA
2026,5,161,KAN,JOH224817,JohnEm01,emmett-johnson-2,Emmett Johnson,FALSE,RB,RB,O,Nebraska,22,NA,0,0,0,NA,NA,NA,NA,NA,NA,NA,NA,NA,NA,NA,NA,NA,NA,NA,NA,NA,NA
2026,5,162,BAL,RIV434709,RiveCh00,chandler-rivers-1,Chandler Rivers,FALSE,CB,DB,D,Duke,22,NA,0,0,0,NA,NA,NA,NA,NA,NA,NA,NA,NA,NA,NA,NA,NA,NA,NA,NA,NA,NA
2026,5,163,MIN,DEM423165,DemmCh00,NA,Charles Demmings,FALSE,CB,DB,D,Stephen F. Austin,23,NA,0,0,0,NA,NA,NA,NA,NA,NA,NA,NA,NA,NA,NA,NA,NA,NA,NA,NA,NA,NA
2026,5,164,JAX,KOZ404039,KoziTa00,tanner-koziol-1,Tanner Koziol,FALSE,TE,TE,O,Houston,NA,NA,0,0,0,NA,NA,NA,NA,NA,NA,NA,NA,NA,NA,NA,NA,NA,NA,NA,NA,NA,NA
2026,5,165,TEN,NA,SingNi01,nicholas-singleton-1,Nicholas Singleton,FALSE,RB,RB,O,Penn St.,22,NA,0,0,0,NA,NA,NA,NA,NA,NA,NA,NA,NA,NA,NA,NA,NA,NA,NA,NA,NA,NA
2026,5,166,CHI,ELL337677,ElliKe03,keyshaun-elliot-1,Keyshaun Elliott,FALSE,LB,LB,D,Arizona St.,22,NA,0,0,0,NA,NA,NA,NA,NA,NA,NA,NA,NA,NA,NA,NA,NA,NA,NA,NA,NA,NA
2026,5,167,BUF,KIL250314,KilgJa00,jalon-kilgore-1,Jalon Kilgore,FALSE,CB,DB,D,South Carolina,21,NA,0,0,0,NA,NA,NA,NA,NA,NA,NA,NA,NA,NA,NA,NA,NA,NA,NA,NA,NA,NA
2026,5,168,DET,LAW090280,LawxKe00,NA,Kendrick Law,FALSE,WR,WR,O,Kentucky,23,NA,0,0,0,NA,NA,NA,NA,NA,NA,NA,NA,NA,NA,NA,NA,NA,NA,NA,NA,NA,NA
2026,5,169,PIT,NOW373761,NowaRi00,riley-nowakowski-1,Riley Nowakowski,FALSE,TE,TE,O,Indiana,24,NA,0,0,0,NA,NA,NA,NA,NA,NA,NA,NA,NA,NA,NA,NA,NA,NA,NA,NA,NA,NA
2026,5,170,CLE,NA,RoyeJo01,joe-royer-1,Joe Royer,FALSE,TE,TE,O,Cincinnati,24,NA,0,0,0,NA,NA,NA,NA,NA,NA,NA,NA,NA,NA,NA,NA,NA,NA,NA,NA,NA,NA
2026,5,171,NWE,PRU764260,PrunKa00,NA,Karon Prunty,FALSE,DB,DB,D,Wake Forest,NA,NA,0,0,0,NA,NA,NA,NA,NA,NA,NA,NA,NA,NA,NA,NA,NA,NA,NA,NA,NA,NA
2026,5,172,NOR,STY526036,StylLo00,NA,Lorenzo Styles Jr.,FALSE,S,DB,D,Ohio St.,NA,NA,0,0,0,NA,NA,NA,NA,NA,NA,NA,NA,NA,NA,NA,NA,NA,NA,NA,NA,NA,NA
2026,5,173,BAL,CUE040912,CuevJo00,josh-cuevas-1,Josh Cuevas,FALSE,TE,TE,O,Alabama,22,NA,0,0,0,NA,NA,NA,NA,NA,NA,NA,NA,NA,NA,NA,NA,NA,NA,NA,NA,NA,NA
2026,5,174,BAL,RAN022436,RandAd00,adam-randall-1,Adam Randall,FALSE,RB,RB,O,Clemson,22,NA,0,0,0,NA,NA,NA,NA,NA,NA,NA,NA,NA,NA,NA,NA,NA,NA,NA,NA,NA,NA
2026,5,175,LVR,MAS331825,MassHe00,hezekiah-masses-1,Hezekiah Masses,FALSE,CB,DB,D,California,22,NA,0,0,0,NA,NA,NA,NA,NA,NA,NA,NA,NA,NA,NA,NA,NA,NA,NA,NA,NA,NA
2026,5,176,KAN,ALL092954,AlleCy00,cyrus-allen-1,Cyrus Allen,FALSE,WR,WR,O,Cincinnati,23,NA,0,0,0,NA,NA,NA,NA,NA,NA,NA,NA,NA,NA,NA,NA,NA,NA,NA,NA,NA,NA
2026,5,177,MIA,COL362413,ColeKe03,kevin-coleman-jr-1,Kevin Coleman Jr.,FALSE,WR,WR,O,Missouri,22,NA,0,0,0,NA,NA,NA,NA,NA,NA,NA,NA,NA,NA,NA,NA,NA,NA,NA,NA,NA,NA
2026,5,178,PHI,PAY546690,PaytCo00,NA,Cole Payton,FALSE,QB,QB,O,North Dakota St.,23,NA,0,0,0,NA,NA,NA,NA,NA,NA,NA,NA,NA,NA,NA,NA,NA,NA,NA,NA,NA,NA
2026,5,179,SFO,CRU840186,CruzEn00,NA,Enrique Cruz Jr.,FALSE,OL,OL,O,Kansas,23,NA,0,0,0,NA,NA,NA,NA,NA,NA,NA,NA,NA,NA,NA,NA,NA,NA,NA,NA,NA,NA
2026,5,180,MIA,TRA291459,TraoSe00,seydou-traore-1,Seydou Traore,FALSE,TE,TE,O,Mississippi St.,NA,NA,0,0,0,NA,NA,NA,NA,NA,NA,NA,NA,NA,NA,NA,NA,NA,NA,NA,NA,NA,NA
2026,5,181,BUF,DUR135211,DuraZa00,zane-durant-1,Zane Durant,FALSE,DT,DL,D,Penn St.,22,NA,0,0,0,NA,NA,NA,NA,NA,NA,NA,NA,NA,NA,NA,NA,NA,NA,NA,NA,NA,NA
2026,6,182,CLE,GRE361852,GreeTa00,taylen-green-1,Taylen Green,FALSE,QB,QB,O,Arkansas,23,NA,0,0,0,NA,NA,NA,NA,NA,NA,NA,NA,NA,NA,NA,NA,NA,NA,NA,NA,NA,NA
2026,6,183,ARI,SHA308806,SharKa00,NA,Karson Sharar,FALSE,LB,LB,D,Iowa,23,NA,0,0,0,NA,NA,NA,NA,NA,NA,NA,NA,NA,NA,NA,NA,NA,NA,NA,NA,NA,NA
2026,6,184,TEN,MAR416622,MarsJa02,jackie-marshall-1,Jackie Marshall,FALSE,DE,DL,D,Baylor,23,NA,0,0,0,NA,NA,NA,NA,NA,NA,NA,NA,NA,NA,NA,NA,NA,NA,NA,NA,NA,NA
2026,6,185,TAM,SHA375359,SharBa00,bauer-sharp-1,Bauer Sharp,FALSE,TE,TE,O,LSU,23,NA,0,0,0,NA,NA,NA,NA,NA,NA,NA,NA,NA,NA,NA,NA,NA,NA,NA,NA,NA,NA
2026,6,186,NYG,JAM811640,JamiBo00,NA,Bobby Jamison-Travis,FALSE,DL,DL,D,Auburn,NA,NA,0,0,0,NA,NA,NA,NA,NA,NA,NA,NA,NA,NA,NA,NA,NA,NA,NA,NA,NA,NA
2026,6,187,WAS,ALL532376,AlleKa01,kaytron-allen-1,Kaytron Allen,FALSE,RB,RB,O,Penn St.,23,NA,0,0,0,NA,NA,NA,NA,NA,NA,NA,NA,NA,NA,NA,NA,NA,NA,NA,NA,NA,NA
2026,6,188,NYJ,COO494946,CoopAn01,anez-cooper-1,Anez Cooper,FALSE,G,OL,O,Miami (FL),22,NA,0,0,0,NA,NA,NA,NA,NA,NA,NA,NA,NA,NA,NA,NA,NA,NA,NA,NA,NA,NA
2026,6,189,CIN,PAR470372,ParkBr02,NA,Brian Parker II,FALSE,OT,OL,O,Duke,22,NA,0,0,0,NA,NA,NA,NA,NA,NA,NA,NA,NA,NA,NA,NA,NA,NA,NA,NA,NA,NA
2026,6,190,NOR,BRO268113,BrowBa02,barion-brown-1,Barion Brown,FALSE,WR,WR,O,LSU,NA,NA,0,0,0,NA,NA,NA,NA,NA,NA,NA,NA,NA,NA,NA,NA,NA,NA,NA,NA,NA,NA
2026,6,191,JAX,CAM108646,CameJo01,josh-cameron-1,Josh Cameron,FALSE,WR,WR,O,Baylor,23,NA,0,0,0,NA,NA,NA,NA,NA,NA,NA,NA,NA,NA,NA,NA,NA,NA,NA,NA,NA,NA
2026,6,192,NYG,NA,DaviJC01,NA,J.C. Davis,FALSE,OT,OL,O,Illinois,22,NA,0,0,0,NA,NA,NA,NA,NA,NA,NA,NA,NA,NA,NA,NA,NA,NA,NA,NA,NA,NA
2026,6,193,NYG,KEL577232,KellJa00,jack-kelly-2,Jack Kelly,FALSE,LB,LB,D,BYU,23,NA,0,0,0,NA,NA,NA,NA,NA,NA,NA,NA,NA,NA,NA,NA,NA,NA,NA,NA,NA,NA
2026,6,194,TEN,NA,CoogPa01,pat-coogan-1,Pat Coogan,FALSE,C,OL,O,Indiana,23,NA,0,0,0,NA,NA,NA,NA,NA,NA,NA,NA,NA,NA,NA,NA,NA,NA,NA,NA,NA,NA
2026,6,195,LVR,BEN601117,BensMa00,NA,Malik Benson,FALSE,WR,WR,O,Oregon,NA,NA,0,0,0,NA,NA,NA,NA,NA,NA,NA,NA,NA,NA,NA,NA,NA,NA,NA,NA,NA,NA
2026,6,196,NWE,CRO784020,CrowDa00,dametrious-crownover-1,Dametrious Crownover,FALSE,OT,OL,O,Texas A&M,24,NA,0,0,0,NA,NA,NA,NA,NA,NA,NA,NA,NA,NA,NA,NA,NA,NA,NA,NA,NA,NA
2026,6,197,LAR,DAN490797,DaniCJ00,cj-daniels-1,CJ Daniels,FALSE,WR,WR,O,Miami (FL),NA,NA,0,0,0,NA,NA,NA,NA,NA,NA,NA,NA,NA,NA,NA,NA,NA,NA,NA,NA,NA,NA
2026,6,198,MIN,CLA041524,ClaiDe00,demond-claiborne-1,Demond Claiborne,FALSE,RB,RB,O,Wake Forest,22,NA,0,0,0,NA,NA,NA,NA,NA,NA,NA,NA,NA,NA,NA,NA,NA,NA,NA,NA,NA,NA
2026,6,199,SEA,HEN199637,HendEm00,NA,Emmanuel Henderson Jr.,FALSE,WR,WR,O,Kansas,NA,NA,0,0,0,NA,NA,NA,NA,NA,NA,NA,NA,NA,NA,NA,NA,NA,NA,NA,NA,NA,NA
2026,6,200,MIA,NA,CampDJ01,dj-campbell-2,DJ Campbell,FALSE,G,OL,O,Texas,NA,NA,0,0,0,NA,NA,NA,NA,NA,NA,NA,NA,NA,NA,NA,NA,NA,NA,NA,NA,NA,NA
2026,6,201,GNB,JAC133404,JackDo04,domani-jackson-1,Domani Jackson,FALSE,CB,DB,D,Alabama,23,NA,0,0,0,NA,NA,NA,NA,NA,NA,NA,NA,NA,NA,NA,NA,NA,NA,NA,NA,NA,NA
2026,6,202,LAC,TAY546637,TaylLo00,logan-taylor-2,Logan Taylor,FALSE,G,OL,O,Boston Col.,24,NA,0,0,0,NA,NA,NA,NA,NA,NA,NA,NA,NA,NA,NA,NA,NA,NA,NA,NA,NA,NA
2026,6,203,JAX,WIL189259,WillCJ00,NA,CJ Williams,FALSE,WR,WR,O,Stanford,NA,NA,0,0,0,NA,NA,NA,NA,NA,NA,NA,NA,NA,NA,NA,NA,NA,NA,NA,NA,NA,NA
2026,6,204,HOU,BON235618,BondLe00,lewis-bond-1,Lewis Bond,FALSE,WR,WR,O,Boston Col.,NA,NA,0,0,0,NA,NA,NA,NA,NA,NA,NA,NA,NA,NA,NA,NA,NA,NA,NA,NA,NA,NA
2026,6,205,DET,GIL498895,GillSk00,skyler-gill-howard-1,Skyler Gill-Howard,FALSE,DT,DL,D,Texas Tech,NA,NA,0,0,0,NA,NA,NA,NA,NA,NA,NA,NA,NA,NA,NA,NA,NA,NA,NA,NA,NA,NA
2026,6,206,LAC,HAR161900,HarkAl00,alex-harkey-1,Alex Harkey,FALSE,OT,OL,O,Oregon,25,NA,0,0,0,NA,NA,NA,NA,NA,NA,NA,NA,NA,NA,NA,NA,NA,NA,NA,NA,NA,NA
2026,6,207,PHI,NA,MorrMi02,micah-morris-1,Micah Morris,FALSE,G,OL,O,Georgia,NA,NA,0,0,0,NA,NA,NA,NA,NA,NA,NA,NA,NA,NA,NA,NA,NA,NA,NA,NA,NA,NA
2026,6,208,ATL,THO460712,ThomAn03,NA,Anterio Thompson,FALSE,DT,DL,D,Washington,NA,NA,0,0,0,NA,NA,NA,NA,NA,NA,NA,NA,NA,NA,NA,NA,NA,NA,NA,NA,NA,NA
2026,6,209,WAS,GUL103822,GulbMa00,NA,Matt Gulbin,FALSE,OL,OL,O,Michigan St.,NA,NA,0,0,0,NA,NA,NA,NA,NA,NA,NA,NA,NA,NA,NA,NA,NA,NA,NA,NA,NA,NA
2026,6,210,PIT,RUB494866,RubiGa00,NA,Gabriel Rubio,FALSE,DL,DL,D,Notre Dame,NA,NA,0,0,0,NA,NA,NA,NA,NA,NA,NA,NA,NA,NA,NA,NA,NA,NA,NA,NA,NA,NA
2026,6,211,BAL,ECK507578,EcklRy00,ryan-eckley-1,Ryan Eckley,FALSE,P,P,S,Michigan St.,NA,NA,0,0,0,NA,NA,NA,NA,NA,NA,NA,NA,NA,NA,NA,NA,NA,NA,NA,NA,NA,NA
2026,6,212,NWE,OBI207644,ObiaNa00,namdi-obiazor-1,Namdi Obiazor,FALSE,LB,LB,D,TCU,NA,NA,0,0,0,NA,NA,NA,NA,NA,NA,NA,NA,NA,NA,NA,NA,NA,NA,NA,NA,NA,NA
2026,6,213,CHI,VAN366267,vandJo00,NA,Jordan van den Berg,FALSE,DL,DL,D,Georgia Tech,NA,NA,0,0,0,NA,NA,NA,NA,NA,NA,NA,NA,NA,NA,NA,NA,NA,NA,NA,NA,NA,NA
2026,6,214,IND,CUR432980,CurrCa00,caden-curry-1,Caden Curry,FALSE,DE,DL,D,Ohio St.,23,NA,0,0,0,NA,NA,NA,NA,NA,NA,NA,NA,NA,NA,NA,NA,NA,NA,NA,NA,NA,NA
2026,6,215,ATL,NA,PerkHa01,harold-perkins-1,Harold Perkins Jr.,FALSE,LB,LB,D,LSU,21,NA,0,0,0,NA,NA,NA,NA,NA,NA,NA,NA,NA,NA,NA,NA,NA,NA,NA,NA,NA,NA
2026,6,216,GNB,SMA037753,SmacTr00,trey-smack-1,Trey Smack,FALSE,K,K,S,Florida,NA,NA,0,0,0,NA,NA,NA,NA,NA,NA,NA,NA,NA,NA,NA,NA,NA,NA,NA,NA,NA,NA
2026,7,217,ARI,WIL353996,WillJa16,NA,Jayden Williams,FALSE,OL,OL,O,Mississippi,NA,NA,0,0,0,NA,NA,NA,NA,NA,NA,NA,NA,NA,NA,NA,NA,NA,NA,NA,NA,NA,NA
2026,7,218,DAL,SMI038569,SmitAn05,anthony-smith-14,Anthony Smith,FALSE,WR,WR,O,East Carolina,NA,NA,0,0,0,NA,NA,NA,NA,NA,NA,NA,NA,NA,NA,NA,NA,NA,NA,NA,NA,NA,NA
2026,7,219,NOR,HAL545789,HallTJ00,tj-hall-1,TJ Hall,FALSE,CB,DB,D,Iowa,22,NA,0,0,0,NA,NA,NA,NA,NA,NA,NA,NA,NA,NA,NA,NA,NA,NA,NA,NA,NA,NA
2026,7,220,BUF,PRI411603,PridTo00,toriano-pride-jr-1,Toriano Pride Jr.,FALSE,CB,DB,D,Missouri,22,NA,0,0,0,NA,NA,NA,NA,NA,NA,NA,NA,NA,NA,NA,NA,NA,NA,NA,NA,NA,NA
2026,7,221,CIN,END438361,EndrJa00,jack-endries-1,Jack Endries,FALSE,TE,TE,O,Texas,22,NA,0,0,0,NA,NA,NA,NA,NA,NA,NA,NA,NA,NA,NA,NA,NA,NA,NA,NA,NA,NA
2026,7,222,DET,WES429133,WestTy00,NA,Tyre West,FALSE,DT,DL,D,Tennessee,NA,NA,0,0,0,NA,NA,NA,NA,NA,NA,NA,NA,NA,NA,NA,NA,NA,NA,NA,NA,NA,NA
2026,7,223,WAS,KAL252591,KaliAt00,athan-kaliakmanis-1,Athan Kaliakmanis,FALSE,QB,QB,O,Rutgers,NA,NA,0,0,0,NA,NA,NA,NA,NA,NA,NA,NA,NA,NA,NA,NA,NA,NA,NA,NA,NA,NA
2026,7,224,PIT,NA,SpeaRo01,robert-spears-jennings-1,Robert Spears-Jennings,FALSE,S,DB,D,Oklahoma,22,NA,0,0,0,NA,NA,NA,NA,NA,NA,NA,NA,NA,NA,NA,NA,NA,NA,NA,NA,NA,NA
2026,7,225,TEN,KAN023071,KanaJa00,jaren-kanak-1,Jaren Kanak,FALSE,TE,TE,O,Oklahoma,22,NA,0,0,0,NA,NA,NA,NA,NA,NA,NA,NA,NA,NA,NA,NA,NA,NA,NA,NA,NA,NA
2026,7,226,CIN,ROB608810,RobiLa04,landon-robinson-1,Landon Robinson,FALSE,NT,DL,D,Navy,23,NA,0,0,0,NA,NA,NA,NA,NA,NA,NA,NA,NA,NA,NA,NA,NA,NA,NA,NA,NA,NA
2026,7,227,CAR,KUW415291,KuwaJa00,NA,Jackson Kuwatch,FALSE,LB,LB,D,Miami (OH),NA,NA,0,0,0,NA,NA,NA,NA,NA,NA,NA,NA,NA,NA,NA,NA,NA,NA,NA,NA,NA,NA
2026,7,228,NYJ,PAY449898,PaynVJ00,vj-payne-1,VJ Payne,FALSE,S,DB,D,Kansas St.,22,NA,0,0,0,NA,NA,NA,NA,NA,NA,NA,NA,NA,NA,NA,NA,NA,NA,NA,NA,NA,NA
2026,7,229,LVR,CLE669554,ClevBr00,brandon-cleveland-1,Brandon Cleveland,FALSE,DT,DL,D,North Carolina St.,22,NA,0,0,0,NA,NA,NA,NA,NA,NA,NA,NA,NA,NA,NA,NA,NA,NA,NA,NA,NA,NA
2026,7,230,PIT,HEI114391,HeidEl00,eli-heidenreich-1,Eli Heidenreich,FALSE,FB,RB,O,Navy,23,NA,0,0,0,NA,NA,NA,NA,NA,NA,NA,NA,NA,NA,NA,NA,NA,NA,NA,NA,NA,NA
2026,7,231,ATL,ONI415291,OniaEt00,ethan-onianwa-1,Ethan Onianwa,FALSE,G,OL,O,Ohio St.,NA,NA,0,0,0,NA,NA,NA,NA,NA,NA,NA,NA,NA,NA,NA,NA,NA,NA,NA,NA,NA,NA
2026,7,232,LAR,KEE636403,KeenTi00,tim-keenan-iii-1,Tim Keenan III,FALSE,DT,DL,D,Alabama,23,NA,0,0,0,NA,NA,NA,NA,NA,NA,NA,NA,NA,NA,NA,NA,NA,NA,NA,NA,NA,NA
2026,7,233,JAX,DUR215336,DurfZa00,NA,Zach Durfee,FALSE,DE,DL,D,Washington,NA,NA,0,0,0,NA,NA,NA,NA,NA,NA,NA,NA,NA,NA,NA,NA,NA,NA,NA,NA,NA,NA
2026,7,234,NWE,MOR767384,MortBe00,behren-morton-1,Behren Morton,FALSE,QB,QB,O,Texas Tech,NA,NA,0,0,0,NA,NA,NA,NA,NA,NA,NA,NA,NA,NA,NA,NA,NA,NA,NA,NA,NA,NA
2026,7,235,MIN,GER335232,GerhGa01,NA,Gavin Gerhardt,FALSE,OL,OL,O,Cincinnati,NA,NA,0,0,0,NA,NA,NA,NA,NA,NA,NA,NA,NA,NA,NA,NA,NA,NA,NA,NA,NA,NA
2026,7,236,SEA,FUL162871,FullAn00,NA,Andre Fuller,FALSE,CB,DB,D,Toledo,NA,NA,0,0,0,NA,NA,NA,NA,NA,NA,NA,NA,NA,NA,NA,NA,NA,NA,NA,NA,NA,NA
2026,7,237,IND,MCG547540,McGoSe01,seth-mcgowan-1,Seth McGowan,FALSE,RB,RB,O,Kentucky,24,NA,0,0,0,NA,NA,NA,NA,NA,NA,NA,NA,NA,NA,NA,NA,NA,NA,NA,NA,NA,NA
2026,7,238,MIA,LLE415291,LlewMa00,max-llewellyn-1,Max Llewellyn,FALSE,DE,DL,D,Iowa,24,NA,0,0,0,NA,NA,NA,NA,NA,NA,NA,NA,NA,NA,NA,NA,NA,NA,NA,NA,NA,NA
2026,7,239,BUF,DOM088990,DomaTo00,tommy-doman-1,Tommy Doman,FALSE,P,P,S,Florida,NA,NA,0,0,0,NA,NA,NA,NA,NA,NA,NA,NA,NA,NA,NA,NA,NA,NA,NA,NA,NA,NA
2026,7,240,JAX,HUG553316,HughPa00,NA,Parker Hughes,FALSE,LB,LB,D,Middle Tenn. St.,NA,NA,0,0,0,NA,NA,NA,NA,NA,NA,NA,NA,NA,NA,NA,NA,NA,NA,NA,NA,NA,NA
2026,7,241,BUF,NA,ReedAr01,NA,Ar'maj Reed-Adams,FALSE,G,OL,O,Texas A&M,24,NA,0,0,0,NA,NA,NA,NA,NA,NA,NA,NA,NA,NA,NA,NA,NA,NA,NA,NA,NA,NA
2026,7,242,SEA,EAS752584,EastDe00,deven-eastern-1,Deven Eastern,FALSE,DT,DL,D,Minnesota,NA,NA,0,0,0,NA,NA,NA,NA,NA,NA,NA,NA,NA,NA,NA,NA,NA,NA,NA,NA,NA,NA
2026,7,243,HOU,FIS166729,FishAi00,aiden-fisher-1,Aiden Fisher,FALSE,LB,LB,D,Indiana,22,NA,0,0,0,NA,NA,NA,NA,NA,NA,NA,NA,NA,NA,NA,NA,NA,NA,NA,NA,NA,NA
2026,7,244,PHI,WIS488223,WisnCo00,cole-wisniewski-1,Cole Wisniewski,FALSE,S,DB,D,Texas Tech,NA,NA,0,0,0,NA,NA,NA,NA,NA,NA,NA,NA,NA,NA,NA,NA,NA,NA,NA,NA,NA,NA
2026,7,245,NWE,MIL303300,MillJa03,NA,Jam Miller,FALSE,RB,RB,O,Alabama,22,NA,0,0,0,NA,NA,NA,NA,NA,NA,NA,NA,NA,NA,NA,NA,NA,NA,NA,NA,NA,NA
2026,7,246,DEN,SCO524005,ScotMi00,NA,Miles Scott,FALSE,S,DB,D,Illinois,NA,NA,0,0,0,NA,NA,NA,NA,NA,NA,NA,NA,NA,NA,NA,NA,NA,NA,NA,NA,NA,NA
2026,7,247,NWE,HUT095931,HutcQu00,quintayvious-hutchins-1,Quintayvious Hutchins,FALSE,DE,DL,D,Boston Col.,23,NA,0,0,0,NA,NA,NA,NA,NA,NA,NA,NA,NA,NA,NA,NA,NA,NA,NA,NA,NA,NA
2026,7,248,CLE,RYA022232,RyanCa00,carsen-ryan-1,Carsen Ryan,FALSE,TE,TE,O,BYU,23,NA,0,0,0,NA,NA,NA,NA,NA,NA,NA,NA,NA,NA,NA,NA,NA,NA,NA,NA,NA,NA
2026,7,249,KAN,NUS440041,NussGa00,garrett-nussmeier-1,Garrett Nussmeier,FALSE,QB,QB,O,LSU,NA,NA,0,0,0,NA,NA,NA,NA,NA,NA,NA,NA,NA,NA,NA,NA,NA,NA,NA,NA,NA,NA
2026,7,250,BAL,BEN488992,BennRa00,rayshaun-benny-1,Rayshaun Benny,FALSE,DT,DL,D,Michigan,24,NA,0,0,0,NA,NA,NA,NA,NA,NA,NA,NA,NA,NA,NA,NA,NA,NA,NA,NA,NA,NA
2026,7,251,PHI,BER237368,BernUa00,NA,Uar Bernard,FALSE,DT,DL,D,NA,NA,NA,0,0,0,NA,NA,NA,NA,NA,NA,NA,NA,NA,NA,NA,NA,NA,NA,NA,NA,NA,NA
2026,7,252,PHI,JAM663773,JameKe01,keyshawn-james-newby-1,Keyshawn James-Newby,FALSE,DE,DL,D,New Mexico,NA,NA,0,0,0,NA,NA,NA,NA,NA,NA,NA,NA,NA,NA,NA,NA,NA,NA,NA,NA,NA,NA
2026,7,253,BAL,BEE682938,BeerEv00,NA,Evan Beerntsen,FALSE,OL,OL,O,Northwestern,NA,NA,0,0,0,NA,NA,NA,NA,NA,NA,NA,NA,NA,NA,NA,NA,NA,NA,NA,NA,NA,NA
2026,7,254,IND,NA,BurkDe02,deion-burks-1,Deion Burks,FALSE,WR,WR,O,Oklahoma,23,NA,0,0,0,NA,NA,NA,NA,NA,NA,NA,NA,NA,NA,NA,NA,NA,NA,NA,NA,NA,NA
2026,7,255,SEA,DAN762839,DansMi00,NA,Michael Dansby,FALSE,DB,DB,D,Arizona,NA,NA,0,0,0,NA,NA,NA,NA,NA,NA,NA,NA,NA,NA,NA,NA,NA,NA,NA,NA,NA,NA
2026,7,256,DEN,BEN687044,BentDa00,dallen-bentley-1,Dallen Bentley,FALSE,TE,TE,O,Utah,25,NA,0,0,0,NA,NA,NA,NA,NA,NA,NA,NA,NA,NA,NA,NA,NA,NA,NA,NA,NA,NA
2026,7,257,DEN,MUR134209,MurdRe00,NA,Red Murdock,FALSE,LB,LB,D,Buffalo,NA,NA,0,0,0,NA,NA,NA,NA,NA,NA,NA,NA,NA,NA,NA,NA,NA,NA,NA,NA,NA,NA
