gsis_id,fp_id,player,pos,team,age,draft_year,ecr_1qb,ecr_2qb,ecr_pos,value_1qb,value_2qb,scrape_date,id_source,rank_1qb,rank_2qb
00-0036900,19788,Ja'Marr Chase,WR,CIN,26.4,2021,1.1,6,1,10232,9119,2026-07-31,fp_id,1,2
00-0038543,23070,Jaxon Smith-Njigba,WR,SEA,24.5,2023,3.5,9.2,2.7,9671,8459,2026-07-31,fp_id,2,4
00-0038542,23133,Bijan Robinson,RB,ATL,24.5,2023,3.7,10.5,1.2,9626,8204,2026-07-31,fp_id,3,7
00-0036322,19236,Justin Jefferson,WR,MIN,27.1,2020,5.8,11.3,5,9162,8051,2026-07-31,fp_id,4,8
00-0039139,22968,Jahmyr Gibbs,RB,DET,24.4,2023,5.9,14.7,1.8,9141,7433,2026-07-31,fp_id,5,16
00-0039075,23180,Puka Nacua,WR,LAR,25.2,2023,6.2,13.3,2.7,9076,7682,2026-07-31,fp_id,6,12
00-0036963,19799,Amon-Ra St. Brown,WR,DET,26.8,2021,6.2,13.2,4.7,9076,7700,2026-07-31,fp_id,7,11
00-0036358,19202,CeeDee Lamb,WR,DAL,27.3,2020,6.9,14,6.4,8928,7556,2026-07-31,fp_id,8,14
00-0040122,25989,Ashton Jeanty,RB,LV,22.7,2025,9.6,19.6,3.2,8379,6625,2026-07-31,fp_id,9,17
00-0039337,25409,Malik Nabers,WR,NYG,23,2024,11.5,22.5,6.4,8013,6188,2026-07-31,fp_id,10,19
00-0041027,25403,Jeremiyah Love,RB,ARI,NA,NA,12.2,23.8,4.6,7883,6002,2026-07-31,name-fallback (rookie),11,21
00-0037238,23163,Drake London,WR,ATL,25,2022,15.6,25.9,7.4,7277,5713,2026-07-31,fp_id,12,23
00-0040666,25395,Omarion Hampton,RB,LAC,23.4,2025,16.2,27.2,5.8,7176,5541,2026-07-31,fp_id,13,25
00-0034857,17298,Josh Allen,QB,BUF,30.2,2018,17.5,1.2,1.2,6960,10208,2026-07-31,fp_id,14,1
00-0040124,25417,Tetairoa McMillan,WR,CAR,23.3,2025,18,30.4,10.2,6878,5140,2026-07-31,fp_id,15,28
00-0037248,22958,James Cook III,RB,BUF,26.8,2022,19.6,31.9,7,6625,4962,2026-07-31,fp_id,16,29
00-0037740,23072,Garrett Wilson,WR,NYJ,26,2022,21.2,33.1,16.2,6380,4824,2026-07-31,fp_id,17,30
00-0036223,19217,Jonathan Taylor,RB,IND,27.5,2020,22.3,35.4,7.5,6217,4570,2026-07-31,fp_id,18,36
00-0038120,22982,Breece Hall,RB,NYJ,25.2,2022,22.7,34,10.2,6159,4723,2026-07-31,fp_id,19,33
00-0036554,20130,Nico Collins,WR,HOU,27.4,2021,22.7,36.3,11,6159,4474,2026-07-31,fp_id,20,39
00-0039040,23136,De'Von Achane,RB,MIA,24.8,2023,22.8,33.9,5.5,6145,4734,2026-07-31,fp_id,21,32
00-0040129,23062,Emeka Egbuka,WR,TB,23.8,2025,22.8,35,12.1,6145,4613,2026-07-31,fp_id,22,35
00-0037239,20111,Chris Olave,WR,NO,26.1,2022,23.6,36.2,14.3,6030,4485,2026-07-31,fp_id,23,38
00-0039338,22955,Brock Bowers,TE,LV,23.6,2024,24.1,34.7,1.1,5960,4646,2026-07-31,fp_id,24,34
00-0039851,23046,Drake Maye,QB,NE,23.9,2024,26.1,21,2,5686,6410,2026-07-31,fp_id,25,18
00-0037744,22936,Trey McBride,TE,ARI,26.7,2022,26.5,37.4,2.1,5633,4360,2026-07-31,fp_id,26,40
00-0035676,18218,A.J. Brown,WR,NE,29.1,2019,26.8,38.7,19,5593,4229,2026-07-31,fp_id,27,41
00-0038134,23021,Kenneth Walker III,RB,KC,25.8,2022,27.4,40,9.2,5515,4102,2026-07-31,fp_id,28,43
00-0041438,26009,Carnell Tate,WR,TEN,NA,NA,27.9,39.6,15,5451,4140,2026-07-31,name-fallback (rookie),29,42
00-0036912,19222,DeVonta Smith,WR,PHI,27.7,2021,31.2,44.3,18.6,5044,3707,2026-07-31,fp_id,30,47
00-0039915,26122,Ladd McConkey,WR,LAC,24.7,2024,32,43.9,16.8,4950,3742,2026-07-31,fp_id,31,46
00-0037247,22963,George Pickens,WR,DAL,25.4,2022,33.3,36.1,12.8,4801,4495,2026-07-31,fp_id,32,37
00-0034796,17233,Lamar Jackson,QB,BAL,29.6,2018,33.5,6.6,4.1,4778,8991,2026-07-31,fp_id,33,3
00-0039910,22902,Jayden Daniels,QB,WAS,25.6,2024,33.8,14,3.6,4745,7556,2026-07-31,fp_id,34,13
00-0039849,23064,Marvin Harrison Jr.,WR,ARI,24,2024,34.4,42.7,26.7,4678,3849,2026-07-31,fp_id,35,45
00-0040126,26006,Colston Loveland,TE,CHI,22.3,2025,35,47.6,3,4613,3431,2026-07-31,fp_id,36,50
00-0040735,27016,Luther Burden III,WR,CHI,22.6,2025,35.6,47.4,19,4548,3447,2026-07-31,fp_id,37,48
00-0036613,19790,Jaylen Waddle,WR,DEN,27.7,2021,35.6,47.4,23.4,4548,3447,2026-07-31,fp_id,38,49
00-0033873,16413,Patrick Mahomes II,QB,KC,30.9,2017,37.1,9.3,7.9,4391,8439,2026-07-31,fp_id,39,5
00-0039919,25411,Rome Odunze,WR,CHI,24.2,2024,37.9,50.1,24.6,4309,3235,2026-07-31,fp_id,40,53
00-0041029,26035,Jordyn Tyson,WR,NO,NA,NA,38.2,50.4,21,4279,3212,2026-07-31,name-fallback (rookie),41,54
00-0033280,16393,Christian McCaffrey,RB,SF,30.1,2017,38.4,48.7,15.8,4259,3343,2026-07-31,fp_id,42,52
00-0039064,22916,Zay Flowers,WR,BAL,25.9,2023,38.5,48.6,19.4,4249,3351,2026-07-31,fp_id,43,51
00-0038597,25324,Chase Brown,RB,CIN,26.4,2023,40.2,52.3,11.2,4082,3072,2026-07-31,fp_id,44,56
00-0040867,25420,Makai Lemon,WR,PHI,NA,NA,40.5,53.5,22.2,4054,2987,2026-07-31,name-fallback (rookie),45,59
00-0036442,19196,Joe Burrow,QB,CIN,29.6,2020,43.2,10.4,5.5,3804,8223,2026-07-31,fp_id,46,6
00-0039065,22978,Sam LaPorta,TE,DET,25.5,2023,43.5,52.7,7.1,3778,3043,2026-07-31,fp_id,47,57
00-0036389,19275,Jalen Hurts,QB,PHI,28,2020,43.7,12.6,8.9,3760,7809,2026-07-31,fp_id,48,10
00-0040128,26434,Tyler Warren,TE,IND,24.2,2025,43.9,56.6,4.1,3742,2777,2026-07-31,fp_id,49,62
00-0039067,23113,Rashee Rice,WR,KC,26.3,2023,44.9,56.8,23.3,3655,2764,2026-07-31,fp_id,50,63
00-0036410,19211,Tee Higgins,WR,CIN,27.5,2020,45.9,55.9,23.3,3571,2823,2026-07-31,fp_id,51,61
00-0039918,23084,Caleb Williams,QB,CHI,24.7,2024,47.9,12,5.7,3407,7920,2026-07-31,fp_id,52,9
00-0040734,23065,TreVeyon Henderson,RB,NE,23.8,2025,48.3,60.2,13.2,3375,2551,2026-07-31,fp_id,53,65
00-0034844,17240,Saquon Barkley,RB,PHI,29.5,2018,48.7,63.7,13.8,3343,2350,2026-07-31,fp_id,54,69
00-0040784,25391,Quinshon Judkins,RB,CLE,22.8,2025,49.9,61.5,13.7,3250,2475,2026-07-31,fp_id,55,66
00-0036355,18635,Justin Herbert,QB,LAC,28.4,2020,50.7,14.3,7.2,3190,7503,2026-07-31,fp_id,56,15
00-0036973,19231,Travis Etienne Jr.,RB,NO,27.5,2021,51.1,63.3,17.7,3160,2372,2026-07-31,fp_id,57,68
00-0038996,25298,Tucker Kraft,TE,GB,25.7,2023,52.3,64.7,5.3,3072,2295,2026-07-31,fp_id,58,70
00-0037840,23059,Kyren Williams,RB,LAR,25.9,2022,54.3,70.5,15.8,2931,2003,2026-07-31,fp_id,59,74
00-0037240,23677,Jameson Williams,WR,DET,25.3,2022,55,66.8,26.8,2883,2185,2026-07-31,fp_id,60,71
00-0040663,27050,Harold Fannin Jr.,TE,CLE,22,2025,56.3,67.3,6.2,2796,2159,2026-07-31,fp_id,61,72
00-0036970,20164,Kyle Pitts Sr.,TE,ATL,25.8,2021,57.5,74.9,7.7,2719,1806,2026-07-31,fp_id,62,76
00-0039893,23000,Brian Thomas Jr.,WR,JAC,23.8,2024,59,69.6,28.2,2624,2046,2026-07-31,fp_id,63,73
00-0036971,19780,Trevor Lawrence,QB,JAC,26.8,2021,60,22.9,9.7,2564,6130,2026-07-31,fp_id,64,20
00-0034827,17265,DJ Moore,WR,BUF,29.3,2018,64.2,88.3,34.6,2323,1318,2026-07-31,fp_id,65,89
00-0035640,18219,DK Metcalf,WR,PIT,28.6,2019,65.6,96.3,37.6,2247,1092,2026-07-31,fp_id,66,97
00-0038124,23886,Christian Watson,WR,GB,27.2,2022,66.5,78.2,30.6,2200,1671,2026-07-31,fp_id,67,78
00-0040715,27166,Cam Skattebo,RB,NYG,24.5,2025,67,77.7,18.4,2175,1691,2026-07-31,fp_id,68,77
00-0037834,19797,Brock Purdy,QB,SF,26.6,2022,68.3,26.7,11.9,2109,5606,2026-07-31,fp_id,69,24
00-0039361,25981,Bucky Irving,RB,TB,23.9,2024,68.8,79.6,19.2,2085,1617,2026-07-31,fp_id,70,79
00-0040691,23160,Jaxson Dart,QB,NYG,23.2,2025,69,24.7,11.8,2075,5876,2026-07-31,fp_id,71,22
00-0041547,27331,KC Concepcion,WR,CLE,NA,NA,69.2,80.3,32,2065,1591,2026-07-31,name-fallback (rookie),72,80
00-0036997,22739,Javonte Williams,RB,DAL,26.3,2021,70.2,81.2,18.9,2017,1558,2026-07-31,fp_id,73,81
00-0041512,27329,Jadarian Price,RB,SEA,NA,NA,70.8,82.2,19.5,1989,1521,2026-07-31,name-fallback (rookie),74,82
00-0038933,25247,Dalton Kincaid,TE,BUF,26.8,2023,72.4,83.3,12.7,1915,1483,2026-07-31,fp_id,75,84
00-0036252,19278,Michael Pittman Jr.,WR,PIT,28.8,2020,73.9,110.9,44.5,1849,775,2026-07-31,fp_id,76,114
00-0035659,18466,Terry McLaurin,WR,WAS,30.9,2019,74.7,85.6,33,1815,1405,2026-07-31,fp_id,77,85
00-0037664,23791,Alec Pierce,WR,IND,26.2,2022,75.6,86.8,34.5,1777,1366,2026-07-31,fp_id,78,87
00-0039732,22910,Bo Nix,QB,DEN,26.4,2024,76.6,27.6,12.8,1735,5489,2026-07-31,fp_id,79,27
00-0041032,26055,Kenyon Sadiq,TE,NYJ,NA,NA,76.8,87.3,10.1,1727,1350,2026-07-31,name-fallback (rookie),80,88
00-0032764,15514,Derrick Henry,RB,BAL,32.6,2016,80.4,92.6,22.4,1587,1192,2026-07-31,fp_id,81,90
00-0035700,18269,Josh Jacobs,RB,GB,28.5,2019,82,94.7,22.6,1529,1134,2026-07-31,fp_id,82,93
00-0038994,23107,Jordan Addison,WR,MIN,24.5,2023,82.4,94.3,36.6,1514,1145,2026-07-31,fp_id,83,92
00-0040719,27297,Bhayshul Tuten,RB,JAC,23.5,2025,82.8,94.7,23,1500,1134,2026-07-31,fp_id,84,94
00-0039163,23071,C.J. Stroud,QB,HOU,24.8,2023,83.2,40.5,19.9,1486,4054,2026-07-31,fp_id,85,44
00-0033077,15600,Dak Prescott,QB,DAL,33,2016,84.2,33.2,14,1452,4812,2026-07-31,fp_id,86,31
00-0041511,28127,Omar Cooper Jr.,WR,NYJ,NA,NA,85.4,97.2,39.1,1411,1069,2026-07-31,name-fallback (rookie),87,98
00-0041483,23144,Eli Stowers,TE,PHI,NA,NA,87.4,98.2,11.2,1346,1045,2026-07-31,name-fallback (rookie),88,99
00-0036275,19210,D'Andre Swift,RB,CHI,27.5,2020,89.7,103.2,24.6,1276,929,2026-07-31,fp_id,89,103
00-0036264,19246,Jordan Love,QB,GB,27.7,2020,91,27.2,14.9,1237,5541,2026-07-31,fp_id,90,26
00-0038559,25333,Michael Wilson,WR,ARI,26.4,2023,91.1,103.7,41.4,1234,918,2026-07-31,fp_id,91,104
00-0038606,23106,Parker Washington,WR,JAC,24.4,2023,91.7,103,41,1217,933,2026-07-31,fp_id,92,102
00-0038117,22985,Wan'Dale Robinson,WR,TEN,25.6,2022,93.3,105.8,42,1172,874,2026-07-31,fp_id,93,105
00-0040130,27077,Jayden Higgins,WR,HOU,23.6,2025,95.4,108.8,43.5,1116,814,2026-07-31,fp_id,94,108
00-0039344,26148,Jonathon Brooks,RB,CAR,23,2024,96,140.1,33.9,1100,390,2026-07-31,fp_id,95,141
00-0039916,26214,Ricky Pearsall,WR,SF,25.9,2024,96.2,109,43.5,1095,810,2026-07-31,fp_id,96,110
00-0040189,25997,Oronde Gadsden II,TE,LAC,23.1,2025,96.4,108.1,13.4,1090,828,2026-07-31,fp_id,97,107
00-0035685,18239,David Montgomery,RB,HOU,29.1,2019,96.5,109.3,26.5,1087,805,2026-07-31,fp_id,98,111
00-0031381,12123,Davante Adams,WR,LAR,33.6,2014,96.6,108.8,44.2,1085,814,2026-07-31,fp_id,99,109
00-0038997,24706,Josh Downs,WR,IND,25,2023,97.7,109.3,44.2,1057,805,2026-07-31,fp_id,100,112
00-0031408,12119,Mike Evans,WR,SF,32.9,2014,98.4,110.8,45,1040,777,2026-07-31,fp_id,101,113
00-0037838,23781,Isaiah Likely,TE,NYG,26.3,2022,99.2,111.1,13.3,1020,771,2026-07-31,fp_id,102,115
00-0041037,27339,Denzel Boston,WR,CLE,NA,NA,101.4,113.2,46.4,969,734,2026-07-31,name-fallback (rookie),103,116
00-0034348,17253,Courtland Sutton,WR,DEN,30.8,2018,101.8,114.3,46.6,960,716,2026-07-31,fp_id,104,117
00-0038041,22718,Jake Ferguson,TE,DAL,27.5,2022,104.7,116.3,14.1,897,683,2026-07-31,fp_id,105,118
00-0040730,27142,RJ Harvey,RB,DEN,25.5,2025,105,116.8,28.2,890,675,2026-07-31,fp_id,106,120
00-0033106,15501,Jared Goff,QB,DET,31.8,2016,105.7,50.5,17.5,876,3205,2026-07-31,fp_id,107,55
00-0039894,23019,Xavier Worthy,WR,KC,23.3,2024,105.8,116.3,47.7,874,683,2026-07-31,fp_id,108,119
00-0033288,16499,George Kittle,TE,SF,32.8,2017,106,117.6,13.9,870,662,2026-07-31,fp_id,109,121
00-0039146,23020,Jayden Reed,WR,GB,26.3,2023,109,119.7,49.7,810,630,2026-07-31,fp_id,110,122
00-0038544,23123,Quentin Johnston,WR,LAC,24.9,2023,109.4,120.9,50.2,803,613,2026-07-31,fp_id,111,124
00-0040667,26024,Matthew Golden,WR,GB,23,2025,109.8,120.8,50.2,795,614,2026-07-31,fp_id,112,123
00-0033921,16406,Chris Godwin Jr.,WR,TB,30.4,2017,112,123.3,51.7,755,579,2026-07-31,fp_id,113,125
00-0034960,18598,Jakobi Meyers,WR,JAC,29.7,2019,113,124.8,51.9,738,559,2026-07-31,fp_id,114,129
00-0041562,28013,Fernando Mendoza,QB,LV,NA,NA,113.2,55.6,18.2,734,2843,2026-07-31,name-fallback (rookie),115,60
00-0034855,17237,Baker Mayfield,QB,TB,31.3,2018,114.7,60,18.3,709,2564,2026-07-31,fp_id,116,64
00-0038935,25345,Brenton Strange,TE,JAC,25.6,2023,115,124.8,14.9,704,559,2026-07-31,fp_id,117,128
00-0037228,24209,Jaylen Warren,RB,PIT,27.7,2022,115.2,126.5,30.2,701,537,2026-07-31,fp_id,118,130
00-0036261,19252,Brandon Aiyuk,WR,SF,28.4,2020,115.2,124.3,77.7,701,566,2026-07-31,fp_id,119,127
00-0040676,24755,Cam Ward,QB,TEN,24.2,2025,116.2,61.5,19,684,2475,2026-07-31,fp_id,120,67
00-0040718,26034,Travis Hunter,WR,JAC,23.2,2025,118.7,128.3,55,645,515,2026-07-31,fp_id,121,131
00-0040236,27131,Kyle Monangai,RB,CHI,24.2,2025,121.1,132.3,30.9,610,469,2026-07-31,fp_id,122,134
00-0039738,23013,Blake Corum,RB,LAR,25.7,2024,121.7,132.1,31.6,601,471,2026-07-31,fp_id,123,133
00-0041040,25418,Antonio Williams,WR,WAS,NA,NA,121.9,131.6,55.7,599,477,2026-07-31,name-fallback (rookie),124,132
00-0039165,23152,Zach Charbonnet,RB,SEA,25.6,2023,122.8,133.6,31.5,586,455,2026-07-31,fp_id,125,135
00-0040743,23096,Tyler Shough,QB,NO,26.8,2025,124.9,70.7,21.1,558,1994,2026-07-31,fp_id,126,75
00-0036555,19792,Chuba Hubbard,RB,CAR,27.1,2021,126.6,137.3,32.6,536,417,2026-07-31,fp_id,127,137
00-0039491,26403,Jalen Coker,WR,CAR,24.8,2024,127.2,136.9,59,528,421,2026-07-31,fp_id,128,136
00-0037816,23794,Romeo Doubs,WR,NE,26.3,2022,127.7,137.6,57.4,522,414,2026-07-31,fp_id,129,138
00-0036875,22726,Rhamondre Stevenson,RB,NE,28.4,2021,129.5,139.7,33.1,501,394,2026-07-31,fp_id,130,139
00-0035228,18600,Kyler Murray,QB,MIN,29,2019,130.3,53,21.6,491,3022,2026-07-31,fp_id,131,58
00-0037261,23748,Khalil Shakir,WR,BUF,26.5,2022,130.5,139.7,59,489,394,2026-07-31,fp_id,132,140
00-0041525,26038,Chris Bell,WR,MIA,NA,NA,131.2,140.9,63.6,481,383,2026-07-31,name-fallback (rookie),133,142
00-0037809,23982,Chig Okonkwo,TE,WAS,26.9,2022,133.6,142.2,18.4,455,371,2026-07-31,fp_id,134,143
00-0034869,17236,Sam Darnold,QB,SEA,29.2,2018,135.9,82.8,22.5,431,1500,2026-07-31,fp_id,135,83
00-0036139,19647,Rico Dowdle,RB,PIT,28.1,2020,137,147.5,34.8,420,328,2026-07-31,fp_id,136,147
00-0034753,17269,Mark Andrews,TE,BAL,30.9,2018,137.9,146.9,19.1,411,333,2026-07-31,fp_id,137,146
00-0038128,23499,Malik Willis,QB,MIA,27.2,2022,138,86,23.6,410,1391,2026-07-31,fp_id,138,86
00-0038977,25361,Tank Dell,WR,HOU,26.8,2023,138.8,207.8,86.2,402,80,2026-07-31,fp_id,139,214
00-0033040,15802,Tyreek Hill,WR,FA,32.4,2016,139.3,146.6,94.8,398,335,2026-07-31,fp_id,140,145
00-0034351,17270,Dallas Goedert,TE,PHI,31.6,2018,140.2,149.8,20.2,389,311,2026-07-31,fp_id,141,149
00-0041496,27320,Jonah Coleman,RB,DEN,NA,NA,141.3,149.3,36.6,379,314,2026-07-31,name-fallback (rookie),142,148
00-0035261,18705,Tony Pollard,RB,TEN,29.3,2019,142.1,150.9,36.6,372,303,2026-07-31,fp_id,143,150
00-0026498,9451,Matthew Stafford,QB,LAR,38.5,2009,142.2,92.6,24.9,371,1192,2026-07-31,fp_id,144,91
00-0041489,26039,Germie Bernard,WR,PIT,NA,NA,144.9,153.5,64.7,349,285,2026-07-31,name-fallback (rookie),145,151
00-0039164,24347,Anthony Richardson Sr.,QB,IND,24.2,2023,145,100.8,35.8,348,983,2026-07-31,fp_id,146,100
00-0039150,22900,Bryce Young,QB,CAR,25,2023,145.9,96.3,25.4,341,1092,2026-07-31,fp_id,147,96
00-0041035,28138,De'Zhaun Stribling,WR,SF,23.6,2026,147.5,155.3,67.3,328,273,2026-07-31,fp_id,148,152
00-0039855,23179,Jalen McMillan,WR,TB,24.6,2024,147.7,156.7,66,326,264,2026-07-31,fp_id,149,155
00-0040727,26215,Tre' Harris,WR,LAC,24.4,2025,148,157.4,65.5,324,260,2026-07-31,fp_id,150,156
00-0035710,18232,Daniel Jones,QB,IND,29.2,2019,148.3,96.2,25.9,322,1095,2026-07-31,fp_id,151,95
00-0039793,26335,AJ Barner,TE,SEA,24.2,2024,149.6,156.6,20.6,312,265,2026-07-31,fp_id,152,154
00-0036919,23310,Kenny Gainwell,RB,TB,27.4,2021,149.7,157.5,38.7,311,259,2026-07-31,fp_id,153,158
00-0037545,24687,Rashid Shaheed,WR,SEA,27.9,2022,150.1,157.4,67.1,309,260,2026-07-31,fp_id,154,157
00-0036158,19245,J.K. Dobbins,RB,DEN,27.6,2020,152.2,160,39.2,294,244,2026-07-31,fp_id,155,160
00-0040138,27122,Jaylin Noel,WR,HOU,23.9,2025,154.4,162.9,68.2,279,228,2026-07-31,fp_id,156,161
00-0041568,25368,Ty Simpson,QB,LAR,NA,NA,155.4,106.9,27.9,272,851,2026-07-31,name-fallback (rookie),157,106
00-0040242,27316,Jacory Croskey-Merritt,RB,WAS,25.3,2025,156.4,164.2,40.4,266,222,2026-07-31,fp_id,158,163
00-0030506,11594,Travis Kelce,TE,KC,36.8,2013,156.7,163.9,22.4,264,223,2026-07-31,fp_id,159,162
00-0040737,23091,Terrance Ferguson,TE,LAR,23.4,2025,156.7,164.4,23.1,264,220,2026-07-31,fp_id,160,164
00-0036259,19590,Jauan Jennings,WR,MIN,29.1,2020,156.7,164.6,68.1,264,219,2026-07-31,fp_id,161,165
00-0041048,28130,Ted Hurst III,WR,TB,NA,NA,159.9,167.9,72.2,245,203,2026-07-31,name-fallback (rookie),162,169
00-0036040,19562,Juwan Johnson,TE,NO,29.9,2020,160.9,167.8,23.4,239,204,2026-07-31,fp_id,163,168
00-0037256,23891,Rachaad White,RB,WAS,27.5,2022,161.3,168.7,41.7,237,199,2026-07-31,fp_id,164,170
00-0040876,27463,Elijah Sarratt,WR,BAL,NA,NA,164.2,171.7,71.4,222,186,2026-07-31,name-fallback (rookie),165,171
00-0035229,18290,T.J. Hockenson,TE,MIN,29.1,2019,165.3,171.8,24.2,216,185,2026-07-31,fp_id,166,172
00-0037263,24172,Tyler Allgeier,RB,ARI,26.3,2022,165.8,172.1,43.8,213,184,2026-07-31,fp_id,167,173
00-0031588,13981,Stefon Diggs,WR,FA,32.7,2015,166.3,173.6,71.9,211,178,2026-07-31,fp_id,168,175
00-0040583,27520,Woody Marks,RB,HOU,25.6,2025,167.4,173.2,43.9,205,179,2026-07-31,fp_id,169,174
00-0039384,22980,Tyrone Tracy Jr.,RB,NYG,26.7,2024,169.1,176,45.6,197,168,2026-07-31,fp_id,170,179
00-0040886,24343,Nicholas Singleton,RB,TEN,NA,NA,169.4,175.2,45.2,196,171,2026-07-31,name-fallback (rookie),171,178
00-0037525,22969,Jordan Mason,RB,MIN,27.2,2022,174.7,180.8,45.7,173,150,2026-07-31,fp_id,172,180
00-0039917,22973,Michael Penix Jr.,QB,ATL,26.2,2024,176,123.4,29.4,168,578,2026-07-31,fp_id,173,126
00-0036407,19201,Jerry Jeudy,WR,CLE,27.3,2020,176.3,183.8,76,167,140,2026-07-31,fp_id,174,182
00-0039890,24357,Adonai Mitchell,WR,NYJ,23.8,2024,177,183.3,74.9,164,141,2026-07-31,fp_id,175,181
00-0040162,27102,Dylan Sampson,RB,CLE,21.9,2025,179.1,185.1,47.8,156,136,2026-07-31,fp_id,176,183
00-0041013,28107,Emmett Johnson,RB,KC,NA,NA,179.6,185.2,49.5,154,135,2026-07-31,name-fallback (rookie),177,184
00-0040584,27109,Gunnar Helm,TE,TEN,23.9,2025,180.8,186.1,27,150,132,2026-07-31,fp_id,178,185
00-0038608,22989,Kayshon Boutte,WR,NE,24.2,2023,180.9,187.1,78.1,150,129,2026-07-31,fp_id,179,186
00-0033090,15561,Hunter Henry,TE,NE,31.6,2016,181.5,187.2,26.9,148,129,2026-07-31,fp_id,180,188
00-0038611,22986,Chris Rodriguez Jr.,RB,JAC,25.8,2023,181.8,187.8,48.6,146,127,2026-07-31,fp_id,181,189
00-0041041,25430,Oscar Delp,TE,NO,NA,NA,182.4,187.2,26.4,144,129,2026-07-31,name-fallback (rookie),182,187
00-0040134,27211,Pat Bryant,WR,DEN,23.6,2025,183.4,189.4,78.7,141,123,2026-07-31,fp_id,183,192
00-0041395,28154,Eli Raridon,TE,NE,NA,NA,183.6,188.5,29.3,140,125,2026-07-31,name-fallback (rookie),184,190
00-0039868,23092,Troy Franklin,WR,DEN,23.5,2024,183.6,190.4,78.6,140,120,2026-07-31,fp_id,185,195
00-0041443,28126,Skyler Bell,WR,BUF,NA,NA,185.4,189.9,78.7,135,121,2026-07-31,name-fallback (rookie),186,194
00-0040669,27446,Isaac TeSlaa,WR,DET,24.4,2025,185.5,192.2,80.7,134,115,2026-07-31,fp_id,187,197
00-0041044,25419,Zachariah Branch,WR,ATL,NA,NA,186,188.8,79.7,133,124,2026-07-31,name-fallback (rookie),188,191
00-0041042,27994,Malachi Fields,WR,NYG,NA,NA,186.5,190.4,81.5,131,120,2026-07-31,name-fallback (rookie),189,196
00-0041510,27993,Max Klare,TE,LAR,NA,NA,187.7,192.7,31.7,128,113,2026-07-31,name-fallback (rookie),190,198
00-0041047,28047,Chris Brazzell II,WR,CAR,NA,NA,187.8,192.9,84.7,127,113,2026-07-31,name-fallback (rookie),191,199
00-0033293,16673,Aaron Jones Sr.,RB,MIN,31.7,2017,188.6,194.7,51.9,125,108,2026-07-31,fp_id,192,200
00-0036212,19198,Tua Tagovailoa,QB,ATL,28.4,2020,189.1,102.7,30.8,123,940,2026-07-31,fp_id,193,101
00-0041096,24362,Kaytron Allen,RB,WAS,NA,NA,195.6,198.4,54.8,106,99,2026-07-31,name-fallback (rookie),194,201
00-0037291,24177,Jalen Nailor,WR,LV,27.4,2022,195.9,200.8,83.8,105,94,2026-07-31,fp_id,195,205
00-0035719,18244,Deebo Samuel Sr.,WR,SF,30.5,2019,196,201.9,83.9,105,91,2026-07-31,fp_id,196,206
00-0040870,27337,Ja'Kobi Lane,WR,BAL,NA,NA,196.1,200.6,88.4,105,94,2026-07-31,name-fallback (rookie),197,203
00-0040729,27224,Jack Bech,WR,LV,23.6,2025,196.6,201.9,84.4,103,91,2026-07-31,fp_id,198,207
00-0034383,17349,Dalton Schultz,TE,HOU,30.1,2018,196.8,200,30.9,103,96,2026-07-31,fp_id,199,202
00-0039032,25323,Tyjae Spears,RB,TEN,25.1,2023,198.9,202.9,53.5,98,89,2026-07-31,fp_id,200,208
00-0038454,25360,Keaton Mitchell,RB,LAC,24.5,2023,201.5,204.7,53.9,92,86,2026-07-31,fp_id,201,209
00-0038555,22908,Tank Bigsby,RB,PHI,24.9,2023,202.1,206.5,55.8,91,82,2026-07-31,fp_id,202,213
00-0040736,26005,Mason Taylor,TE,NYJ,22.2,2025,203.2,205.9,30.8,89,83,2026-07-31,fp_id,203,211
00-0037252,23153,Greg Dulcich,TE,MIA,26.3,2022,203.5,206.2,31.5,88,83,2026-07-31,fp_id,204,212
00-0039923,23018,J.J. McCarthy,QB,MIN,23.5,2024,203.5,142.3,32.8,88,371,2026-07-31,fp_id,205,144
00-0040878,28108,Mike Washington Jr.,RB,LV,NA,NA,203.8,205.8,56.9,87,83,2026-07-31,name-fallback (rookie),206,210
00-0040170,27059,Elic Ayomanor,WR,TEN,23.2,2025,204.5,207.9,86.8,86,79,2026-07-31,fp_id,207,215
00-0036894,20163,Pat Freiermuth,TE,PIT,27.8,2021,204.7,208.8,32.9,86,78,2026-07-31,fp_id,208,216
00-0040705,27315,Chimere Dike,WR,TEN,24.6,2025,206.3,210.4,86.5,82,75,2026-07-31,fp_id,209,219
00-0033885,16399,David Njoku,TE,LAC,30.1,2017,206.6,210.8,33.6,82,74,2026-07-31,fp_id,210,220
00-0038129,23181,Cade Otton,TE,TB,27.3,2022,207.4,209.4,33.4,80,77,2026-07-31,fp_id,211,217
00-0040648,26022,Tory Horton,WR,SEA,23.7,2025,207.6,209.4,88.1,80,77,2026-07-31,fp_id,212,218
00-0038393,24354,Dontayvion Wicks,WR,PHI,25.1,2023,208.5,212.6,89.1,78,71,2026-07-31,fp_id,213,222
00-0039794,24346,Braelon Allen,RB,NYJ,22.5,2024,210.5,212.4,58.2,75,71,2026-07-31,fp_id,214,221
00-0037197,24333,Isiah Pacheco,RB,DET,27.4,2022,211.4,213.4,55.5,73,70,2026-07-31,fp_id,215,223
00-0040668,25968,Shedeur Sanders,QB,CLE,24.5,2025,213,155.9,33.1,70,269,2026-07-31,fp_id,216,153
00-0041067,28129,Bryce Lance,WR,NO,NA,NA,213.9,218.6,94.8,69,62,2026-07-31,name-fallback (rookie),217,226
00-0037746,20094,Brian Robinson Jr.,RB,ATL,27.4,2022,215.9,217.1,59.6,66,64,2026-07-31,fp_id,218,225
00-0040739,23004,Elijah Arroyo,TE,SEA,23.3,2025,217.1,219.6,35.7,64,60,2026-07-31,fp_id,219,227
00-0036972,20156,Mac Jones,QB,SF,27.9,2021,217.4,174.9,35.3,63,172,2026-07-31,fp_id,220,176
00-0040131,27487,Kyle Williams,WR,NE,23.7,2025,217.4,221.1,92.7,63,58,2026-07-31,fp_id,221,228
00-0030565,11687,Geno Smith,QB,NYJ,35.8,2013,220.1,159.6,34.3,60,247,2026-07-31,fp_id,222,159
00-0039410,26398,Ryan Flournoy,WR,DAL,26.8,2024,220.8,221.7,92.3,59,57,2026-07-31,fp_id,223,229
00-0034837,17258,Calvin Ridley,WR,TEN,31.6,2018,220.9,224.8,92.3,58,53,2026-07-31,fp_id,224,234
00-0036309,19810,Darnell Mooney,WR,NYG,28.8,2020,221.4,225.9,95.2,58,52,2026-07-31,fp_id,225,238
00-0039901,26019,Keon Coleman,WR,BUF,23.2,2024,222.7,225.2,92.8,56,53,2026-07-31,fp_id,226,237
00-0039391,26355,Kimani Vidal,RB,LAC,24.9,2024,224.2,227.1,61.6,54,51,2026-07-31,fp_id,227,240
00-0033906,16421,Alvin Kamara,RB,NO,31,2017,224.2,223.6,62.6,54,55,2026-07-31,fp_id,228,232
00-0040142,27165,Kaleb Johnson,RB,PIT,23,2025,224.7,222.8,61.3,53,56,2026-07-31,fp_id,229,230
00-0041104,28084,Demond Claiborne,RB,MIN,NA,NA,225,223.8,63.2,53,55,2026-07-31,name-fallback (rookie),230,233
00-0033119,15642,Jacoby Brissett,QB,ARI,33.6,2016,225.4,164.7,35.2,53,219,2026-07-31,fp_id,231,166
00-0041077,28079,Justin Joly,TE,DEN,22.1,2026,225.5,223,39.9,52,56,2026-07-31,fp_id,232,231
00-0039880,26314,Malik Washington,WR,MIA,25.6,2024,226.7,226.7,94.8,51,51,2026-07-31,fp_id,233,239
00-0038563,25337,Tre Tucker,WR,LV,25.4,2023,230.4,230.6,96.4,47,47,2026-07-31,fp_id,234,241
00-0039066,23056,Michael Mayer,TE,LV,25.1,2023,232,233,39.2,45,44,2026-07-31,fp_id,235,242
00-0041529,28067,Kevin Coleman Jr.,WR,MIA,NA,NA,232.8,235.8,100.8,44,41,2026-07-31,name-fallback (rookie),236,246
00-0023459,9001,Aaron Rodgers,QB,PIT,42.7,2005,234.2,166.6,36.8,43,209,2026-07-31,fp_id,237,167
00-0036550,19794,Rashod Bateman,WR,BAL,26.7,2021,234.4,234.1,97.9,43,43,2026-07-31,fp_id,238,245
00-0039847,23104,Theo Johnson,TE,NYG,25.4,2024,235.8,233.1,37.7,41,44,2026-07-31,fp_id,239,243
00-0041550,28133,Brenen Thompson,WR,LAC,NA,NA,236,239.2,101.3,41,38,2026-07-31,name-fallback (rookie),240,248
00-0041052,28401,Kaelon Black,RB,SF,NA,NA,236.2,233.1,65.6,41,44,2026-07-31,name-fallback (rookie),241,244
00-0038976,23080,Marvin Mims Jr.,WR,DEN,24.4,2023,237.4,237.3,98.6,40,40,2026-07-31,fp_id,242,247
00-0033537,16398,Deshaun Watson,QB,CLE,30.9,2017,239.9,189.8,39.1,37,121,2026-07-31,fp_id,243,193
00-0040198,25984,Ollie Gordon II,RB,MIA,22.5,2025,242.9,239.4,65,35,38,2026-07-31,fp_id,244,249
00-0041561,22953,Carson Beck,QB,ARI,24.7,2026,244.7,175.2,39.6,33,171,2026-07-31,fp_id,245,177
00-0039875,26191,Ray Davis,RB,BUF,26.7,2024,246.8,240.6,65.7,32,37,2026-07-31,fp_id,246,250
00-0036945,19781,Justin Fields,QB,KC,27.4,2021,250,200.8,41.4,29,94,2026-07-31,fp_id,247,204
00-0038797,25885,Emanuel Wilson,RB,SEA,27.2,2023,251.6,244.4,67.6,28,34,2026-07-31,fp_id,248,253
00-0039811,23118,MarShawn Lloyd,RB,GB,25.6,2024,251.8,243.1,70.3,28,35,2026-07-31,fp_id,249,251
00-0039921,25388,Trey Benson,RB,ARI,24,2024,254.5,244.5,66.5,27,34,2026-07-31,fp_id,250,254
00-0029604,11177,Kirk Cousins,QB,LV,37.9,2012,255.9,214,41.1,26,69,2026-07-31,fp_id,251,224
00-0038951,23679,Sean Tucker,RB,TB,24.8,2023,255.9,245.1,66.6,26,33,2026-07-31,fp_id,252,255
00-0038621,25304,DeMario Douglas,WR,NE,25.6,2023,257.2,253.8,109.2,25,27,2026-07-31,fp_id,253,263
00-0039342,26136,Xavier Legette,WR,CAR,25.5,2024,258.1,251.4,109.8,24,29,2026-07-31,fp_id,254,260
00-0039874,25987,Jaylen Wright,RB,MIA,23.3,2024,260.4,251.6,69.1,23,28,2026-07-31,fp_id,255,261
00-0041523,28135,Caleb Douglas,WR,MIA,NA,NA,261.1,254.9,109.6,23,26,2026-07-31,name-fallback (rookie),256,265
00-0034775,17268,Christian Kirk,WR,SF,29.7,2018,262.1,254.4,105,22,27,2026-07-31,fp_id,257,264
00-0040237,27147,Tez Johnson,WR,TB,24.2,2025,262.6,251.4,105.7,22,29,2026-07-31,fp_id,258,259
00-0033553,16447,James Conner,RB,ARI,31.2,2017,263.6,251.7,70.8,21,28,2026-07-31,fp_id,259,262
00-0040673,22884,Jalen Milroe,QB,SEA,23.6,2025,264.3,277.3,44.6,21,16,2026-07-31,fp_id,260,296
00-0041056,24361,Cade Klubnik,QB,NYJ,NA,NA,267.2,225,45.2,20,53,2026-07-31,name-fallback (rookie),261,236
00-0040891,28302,Cole Payton,QB,PHI,NA,NA,267.9,263.7,46.2,19,21,2026-07-31,name-fallback (rookie),262,276
00-0038558,22967,Darnell Washington,TE,PIT,25,2023,270.1,259.9,43.3,18,23,2026-07-31,fp_id,263,270
00-0041092,28094,Taylen Green,QB,CLE,NA,NA,272.9,249,48.4,17,30,2026-07-31,name-fallback (rookie),264,257
00-0041565,24345,Drew Allar,QB,PIT,NA,NA,273.4,225,44.7,17,53,2026-07-31,name-fallback (rookie),265,235
00-0040586,24344,Jaydon Blue,RB,DAL,22.6,2025,273.7,255.5,71.1,17,26,2026-07-31,fp_id,266,266
00-0036290,19229,Cole Kmet,TE,CHI,27.4,2020,274.1,259.2,43.4,17,24,2026-07-31,fp_id,267,268
00-0040888,24367,Adam Randall,RB,BAL,NA,NA,274.5,257.3,78.3,17,25,2026-07-31,name-fallback (rookie),268,267
00-0040202,23682,Devin Neal,RB,NO,23,2025,274.8,259.6,71.6,16,24,2026-07-31,fp_id,269,269
00-0038104,22913,Tyquan Thornton,WR,KC,26,2022,275.6,262.9,115.6,16,22,2026-07-31,fp_id,270,275
00-0033908,16433,Cooper Kupp,WR,SEA,33.1,2017,276.5,264.5,110.1,16,21,2026-07-31,fp_id,271,279
00-0040646,27076,Jalen Royals,WR,KC,23.4,2025,277.1,260.8,115.6,16,23,2026-07-31,fp_id,272,272
00-0038979,25287,Cedric Tillman,WR,CLE,26.3,2023,277.4,262.1,111.3,15,22,2026-07-31,fp_id,273,274
00-0032268,13890,Marcus Mariota,QB,WAS,32.8,2015,278,278,49,15,15,2026-07-31,fp_id,274,298
00-0041490,28297,Eli Heidenreich,RB,PIT,NA,NA,278.4,265.2,82.8,15,21,2026-07-31,name-fallback (rookie),275,281
00-0035662,18226,Hollywood Brown,WR,PHI,29.2,2019,279,267.1,109.9,15,20,2026-07-31,fp_id,276,282
00-0040177,27310,Jordan James,RB,SF,22.3,2025,279.1,260.6,77.1,15,23,2026-07-31,fp_id,277,271
00-0040234,23680,Quinn Ewers,QB,MIA,23.2,2025,279.2,243.2,49.3,15,35,2026-07-31,fp_id,278,252
00-0037112,24778,Jake Tonges,TE,SF,27.1,2022,279.8,261,45.5,15,23,2026-07-31,fp_id,279,273
00-0034829,17272,Mike Gesicki,TE,CIN,30.8,2018,280.1,263.8,45,15,21,2026-07-31,fp_id,280,278
00-0036244,19372,Colby Parkinson,TE,LAR,27.6,2020,281.6,263.8,44.5,14,21,2026-07-31,fp_id,281,277
00-0039376,23081,Spencer Rattler,QB,NO,25.8,2024,283,306.5,49.9,14,8,2026-07-31,fp_id,282,348
00-0039912,26310,Ben Sinnott,TE,WAS,24.1,2024,285.6,267.9,46.9,13,19,2026-07-31,fp_id,283,284
00-0036893,19302,Najee Harris,RB,LAC,28.4,2021,286,265,80.7,13,21,2026-07-31,fp_id,284,280
00-0031503,13891,Jameis Winston,QB,NYG,32.6,2015,286.2,278,48.9,13,15,2026-07-31,fp_id,285,297
00-0040590,27449,Konata Mumpfield,WR,LAR,23.8,2025,286.4,275.1,117.1,13,16,2026-07-31,fp_id,286,293
00-0041125,23079,Seth McGowan,RB,IND,NA,NA,287.9,267.6,78.2,12,20,2026-07-31,name-fallback (rookie),287,283
00-0033881,16411,Evan Engram,TE,DEN,31.9,2017,289,271.9,44.8,12,18,2026-07-31,fp_id,288,289
00-0040782,24371,Isaiah Bond,WR,CLE,22.4,2025,289.1,273.3,114.6,12,17,2026-07-31,fp_id,289,290
00-0038046,22756,Charlie Kolar,TE,LAC,27.5,2022,290.4,286.2,59.9,11,13,2026-07-31,fp_id,290,314
00-0039798,25977,Isaiah Davis,RB,NYJ,24.4,2024,290.5,268.6,79.1,11,19,2026-07-31,fp_id,291,285
00-0040203,25972,Will Howard,QB,PIT,24.8,2025,290.9,271,49,11,18,2026-07-31,fp_id,292,287
00-0039424,26409,Devaughn Vele,WR,NO,28.6,2024,291,271.5,116.1,11,18,2026-07-31,fp_id,293,288
00-0037666,23770,Jalen Tolbert,WR,MIA,27.4,2022,292.8,287.3,124.9,11,12,2026-07-31,fp_id,294,315
00-0039356,24334,Ja'Tavion Sanders,TE,CAR,23.3,2024,292.9,274.4,46.4,11,17,2026-07-31,fp_id,295,292
00-0041558,28161,Sam Roush,TE,CHI,NA,NA,293.2,273.6,47.3,11,17,2026-07-31,name-fallback (rookie),296,291
00-0038619,25335,Andrei Iosivas,WR,CIN,26.8,2023,295,279.2,118.9,10,15,2026-07-31,fp_id,297,300
00-0030279,11616,Keenan Allen,WR,LAC,34.3,2013,295.4,282.1,118.7,10,14,2026-07-31,fp_id,298,307
00-0038685,25823,Chris Brooks,RB,GB,26.6,2023,296.7,275.8,81.6,10,16,2026-07-31,fp_id,299,295
00-0039398,25967,Joe Milton III,QB,DAL,26.4,2024,296.8,279,50.6,10,15,2026-07-31,fp_id,300,299
00-0040179,27097,DJ Giddens,RB,IND,22.9,2025,297.4,270.6,78.4,10,18,2026-07-31,fp_id,301,286
00-0037077,23045,Sam Howell,QB,DAL,25.9,2022,297.5,363.3,67,10,2,2026-07-31,fp_id,302,498
00-0040906,22998,Garrett Nussmeier,QB,KC,NA,NA,298,250,53.1,10,29,2026-07-31,name-fallback (rookie),303,258
00-0040894,26012,Malik Benson,WR,LV,NA,NA,299.8,284.2,125.2,9,13,2026-07-31,name-fallback (rookie),304,313
00-0040692,24335,Jarquez Hunter,RB,LAR,23.6,2025,299.9,275.2,78,9,16,2026-07-31,fp_id,305,294
00-0035250,18280,Devin Singletary,RB,NYG,28.9,2019,301.2,283,90.6,9,14,2026-07-31,fp_id,306,309
00-0037837,23739,Calvin Austin III,WR,NYG,27.4,2022,301.7,282.2,126.3,9,14,2026-07-31,fp_id,307,308
00-0041491,27500,Aaron Anderson,WR,CLE,NA,NA,302.7,284,135.8,9,13,2026-07-31,name-fallback (rookie),308,312
00-0041132,27093,Deion Burks,WR,IND,NA,NA,305.2,279.2,124.2,8,15,2026-07-31,name-fallback (rookie),309,301
00-0041084,27499,Tanner Koziol,TE,JAC,NA,NA,306.2,279.6,51.2,8,15,2026-07-31,name-fallback (rookie),310,302
00-0040078,27259,Brashard Smith,RB,KC,23.3,2025,306.6,279.8,81.3,8,15,2026-07-31,fp_id,311,303
00-0041472,28157,Marlin Klein,TE,HOU,NA,NA,307.1,279.9,49.9,8,15,2026-07-31,name-fallback (rookie),312,304
00-0035535,18706,Darius Slayton,WR,NYG,29.5,2019,307.6,283.5,116.9,8,13,2026-07-31,fp_id,313,311
00-0038551,24360,Kendre Miller,RB,NO,24.1,2023,310,283.3,79.9,7,13,2026-07-31,fp_id,314,310
00-0041178,28404,Robert Henry Jr.,RB,WAS,NA,NA,310,303.4,99.2,7,8,2026-07-31,name-fallback (rookie),315,342
00-0041129,27326,Jam Miller,RB,NE,NA,NA,310.8,287.4,92.2,7,12,2026-07-31,name-fallback (rookie),316,317
00-0039907,26205,Ja'Lynn Polk,WR,NO,24.3,2024,311.6,293.8,138.7,7,11,2026-07-31,fp_id,317,332
00-0040644,25393,Trevor Etienne,RB,CAR,22.1,2025,311.9,280.8,88.9,7,14,2026-07-31,fp_id,318,305
00-0033858,16460,Jonnu Smith,TE,FA,30.9,2017,312.3,291,56,7,11,2026-07-31,fp_id,319,322
00-0040208,26212,Tahj Brooks,RB,CIN,24.2,2025,313.5,281,84.6,7,14,2026-07-31,fp_id,320,306
00-0040164,27454,Jaylin Lane,WR,WAS,24.2,2025,315.1,289.4,126.1,6,12,2026-07-31,fp_id,321,319
00-0031610,14104,Darren Waller,TE,FA,NA,NA,315.7,300.7,62.8,6,9,2026-07-31,fp_id,322,338
00-0033897,16420,Joe Mixon,RB,FA,30,2017,316.5,293.8,97,6,11,2026-07-31,fp_id,323,331
00-0036849,20126,Tutu Atwell,WR,MIA,26.8,2021,317.9,291.3,124.8,6,11,2026-07-31,fp_id,324,324
00-0040238,27285,LeQuint Allen Jr.,RB,JAC,22,2025,318.9,288.9,85.5,6,12,2026-07-31,fp_id,325,318
00-0037267,22921,Jerome Ford,RB,WAS,26.9,2022,319,291,88.4,6,11,2026-07-31,fp_id,326,323
00-0040009,27144,Savion Williams,WR,GB,24.7,2025,319.1,289.6,126.8,6,12,2026-07-31,fp_id,327,320
00-0041399,28125,CJ Daniels,WR,LAR,NA,NA,319.3,291.8,129.3,6,11,2026-07-31,name-fallback (rookie),328,325
00-0038416,25321,Tyson Bagent,QB,CHI,26.1,2023,319.5,247,53.7,6,32,2026-07-31,fp_id,329,256
00-0026158,9300,Joe Flacco,QB,CIN,41.5,2008,320.1,353,56.7,6,3,2026-07-31,fp_id,330,459
00-0039355,26328,Luke McCaffrey,WR,WAS,25.3,2024,320.1,293.9,125.6,6,11,2026-07-31,fp_id,331,333
00-0039746,22930,Will Shipley,RB,PHI,23.9,2024,320.2,287.4,88.2,6,12,2026-07-31,fp_id,332,316
00-0037741,23101,Jahan Dotson,WR,ATL,26.4,2022,320.2,295,134.8,6,10,2026-07-31,fp_id,333,334
00-0033526,16423,Samaje Perine,RB,CIN,30.9,2017,320.8,301.2,99.9,6,9,2026-07-31,fp_id,334,340
00-0040890,28424,Cyrus Allen,WR,KC,NA,NA,321.2,293.3,126,6,11,2026-07-31,name-fallback (rookie),335,330
NA,28168,Matt Hibner,TE,BAL,NA,NA,321.5,292.8,54.8,5,11,2026-07-31,unmatched,336,327
00-0040206,25373,Riley Leonard,QB,IND,23.9,2025,322.4,352.5,56.2,5,3,2026-07-31,fp_id,337,456
00-0041116,27501,Jack Endries,TE,CIN,NA,NA,323.6,293.1,57,5,11,2026-07-31,name-fallback (rookie),338,329
00-0039751,23135,Jordan Whittington,WR,LAR,25.8,2024,324,317.3,131.4,5,6,2026-07-31,fp_id,339,363
00-0040704,23150,Dillon Gabriel,QB,CLE,25.6,2025,324.4,352.9,56.6,5,3,2026-07-31,fp_id,340,457
00-0039363,26392,Isaac Guerendo,RB,SF,26.1,2024,324.4,290.4,86.1,5,11,2026-07-31,fp_id,341,321
00-0034270,17598,Tyler Conklin,TE,DET,NA,NA,324.7,313,72.8,5,7,2026-07-31,fp_id,342,357
00-0035289,18562,Gardner Minshew II,QB,ARI,30.2,2019,324.8,355,58.7,5,3,2026-07-31,fp_id,343,467
00-0040184,24372,KeAndre Lambert-Smith,WR,LAC,24.8,2025,326.5,317.8,133.9,5,6,2026-07-31,fp_id,344,364
00-0041069,26037,Colbie Young,WR,CIN,NA,NA,326.6,322,134,5,5,2026-07-31,name-fallback (rookie),345,370
00-0037801,18520,KaVontae Turpin,WR,DAL,30,2022,326.8,307.5,146,5,8,2026-07-31,fp_id,346,350
00-0034975,18256,Justice Hill,RB,BAL,28.7,2019,326.9,293,93.5,5,11,2026-07-31,fp_id,347,328
00-0036980,20114,Elijah Moore,WR,PHI,26.3,2021,329,312,144.2,5,7,2026-07-31,fp_id,348,355
00-0040581,27288,Dont'e Thornton Jr.,WR,LV,23.7,2025,329.4,296.8,127.1,5,10,2026-07-31,fp_id,349,335
00-0040953,28425,Jeff Caldwell,WR,KC,NA,NA,329.4,328.4,136.8,5,5,2026-07-31,name-fallback (rookie),350,378
00-0040998,25387,Roman Hemby,RB,LV,NA,NA,331,304.2,94.2,4,8,2026-07-31,name-fallback (rookie),351,343
00-0040919,28423,Tyren Montgomery,WR,TEN,NA,NA,331.4,334.8,138.8,4,4,2026-07-31,name-fallback (rookie),352,385
00-0041217,28109,J'Mari Taylor,RB,JAC,NA,NA,332.8,298.6,94.2,4,9,2026-07-31,name-fallback (rookie),353,336
00-0033110,15623,Tyler Higbee,TE,LAR,33.6,2016,332.9,314.4,55.7,4,6,2026-07-31,fp_id,354,360
00-0039299,22915,George Holani,RB,SEA,26.6,2024,333,292.5,87.7,4,11,2026-07-31,fp_id,355,326
00-0038938,25251,Jalin Hyatt,WR,NYG,24.8,2023,333,320.5,157.4,4,6,2026-07-31,fp_id,356,369
00-0039373,23054,Audric Estime,RB,NO,22.9,2024,333.3,301.3,94.3,4,9,2026-07-31,fp_id,357,341
NA,25416,Barion Brown,WR,NO,NA,NA,333.4,320.4,140.8,4,6,2026-07-31,unmatched,358,368
00-0039814,23837,Erick All Jr.,TE,CIN,25.9,2024,333.5,315.7,56.3,4,6,2026-07-31,fp_id,359,361
00-0035689,18631,Dawson Knox,TE,BUF,29.7,2019,333.7,300,52.6,4,9,2026-07-31,fp_id,360,337
00-0040187,27138,Mitchell Evans,TE,CAR,23.4,2025,333.7,317.2,62.2,4,6,2026-07-31,fp_id,361,362
00-0041257,28128,Eric Rivers Jr.,WR,TB,NA,NA,334,324.7,141.4,4,5,2026-07-31,name-fallback (rookie),362,375
00-0041051,28132,Zavion Thomas,WR,CHI,NA,NA,334.2,301,124.8,4,9,2026-07-31,name-fallback (rookie),363,339
00-0038579,24330,Aidan O'Connell,QB,LV,27.9,2023,334.7,359.5,63.2,4,2,2026-07-31,fp_id,364,483
00-0033555,16489,Mack Hollins,WR,NE,32.9,2017,334.8,312.8,134.6,4,7,2026-07-31,fp_id,365,356
00-0035644,17527,Noah Fant,TE,NO,28.7,2019,335,309.8,61,4,7,2026-07-31,fp_id,366,351
00-0033282,16434,Curtis Samuel,WR,FA,NA,NA,335,324.5,153.3,4,5,2026-07-31,fp_id,367,374
00-0039144,25282,Luke Musgrave,TE,GB,25.9,2023,335.2,320.2,58,4,6,2026-07-31,fp_id,368,366
00-0037563,24205,Malik Davis,RB,DAL,27.7,2022,336,305,102.8,4,8,2026-07-31,fp_id,369,345
00-0039052,25331,Trey Palmer,WR,NO,25.3,2023,336,325.5,135.5,4,5,2026-07-31,fp_id,370,376
00-0040154,27182,Tai Felton,WR,MIN,23.4,2025,336.6,331.5,144,4,4,2026-07-31,fp_id,371,381
00-0041503,28427,Nate Boerkircher,TE,JAC,NA,NA,336.8,327.8,59.6,4,5,2026-07-31,name-fallback (rookie),372,377
00-0038794,25876,Jaleel McLaughlin,RB,DEN,25.9,2023,336.9,318.6,96.4,4,6,2026-07-31,fp_id,373,365
00-0036626,20113,Dyami Brown,WR,WAS,26.7,2021,337.1,330,144.5,4,5,2026-07-31,fp_id,374,379
00-0036898,22799,Davis Mills,QB,HOU,27.8,2021,337.2,352.1,55.8,4,3,2026-07-31,fp_id,375,454
00-0037742,22905,Treylon Burks,WR,WAS,26.4,2022,337.4,345,144.8,4,3,2026-07-31,fp_id,376,421
00-0041397,28435,Kaden Wetjen,WR,PIT,NA,NA,337.6,343.7,145,4,3,2026-07-31,name-fallback (rookie),377,413
00-0041087,27312,Joe Royer,TE,CLE,NA,NA,337.8,331.8,60.6,4,4,2026-07-31,name-fallback (rookie),378,382
00-0041398,28437,Riley Nowakowski,TE,PIT,NA,NA,338.2,331,61,4,4,2026-07-31,name-fallback (rookie),379,380
00-0035537,18406,Ty Johnson,RB,BUF,28.9,2019,338.2,322.2,97.7,4,5,2026-07-31,fp_id,380,371
00-0041070,28141,Reggie Virgil,WR,ARI,NA,NA,338.2,341.7,145.6,4,3,2026-07-31,name-fallback (rookie),381,406
00-0036988,22845,Joshua Palmer,WR,BUF,26.9,2021,338.4,305.8,126.2,4,8,2026-07-31,fp_id,382,347
00-0041446,26044,Kendrick Law,WR,DET,NA,NA,339,305.7,129.7,4,8,2026-07-31,name-fallback (rookie),383,346
00-0040277,27810,Jahdae Walker,WR,CHI,NA,NA,339.6,339.6,147,4,4,2026-07-31,fp_id,384,396
00-0033923,16425,Kareem Hunt,RB,FA,NA,NA,340,346,99.5,4,3,2026-07-31,fp_id,385,424
00-0039152,22987,Will Levis,QB,TEN,27.1,2023,340.2,354,57.7,4,3,2026-07-31,fp_id,386,462
00-0037012,20082,Trey Lance,QB,LAC,26.2,2021,340.4,351.3,55,4,3,2026-07-31,fp_id,387,450
00-0032464,16081,Kalif Raymond,WR,CHI,NA,NA,340.4,340.4,147.8,4,4,2026-07-31,fp_id,388,401
00-0041131,28399,Carsen Ryan,TE,CLE,NA,NA,340.5,337.3,63.3,4,4,2026-07-31,name-fallback (rookie),389,391
00-0039792,26011,Devontez Walker,WR,BAL,25.1,2024,340.7,304.7,138.9,3,8,2026-07-31,fp_id,390,344
00-0039041,23119,Elijah Higgins,TE,ARI,25.8,2023,341,324,63.8,3,5,2026-07-31,fp_id,391,373
00-0041100,28137,Josh Cameron,WR,JAC,NA,NA,341,310.6,131.3,3,7,2026-07-31,name-fallback (rookie),392,352
NA,28163,Seydou Traore,TE,MIA,NA,NA,341.7,343,64.5,3,3,2026-07-31,unmatched,393,410
00-0035208,18864,Olamide Zaccheaus,WR,ATL,29,2019,341.9,341.9,149.3,3,3,2026-07-31,fp_id,394,407
00-0033307,17066,Kendrick Bourne,WR,ARI,31,2017,342.4,337,149.8,3,4,2026-07-31,fp_id,395,390
00-0036422,19423,Adam Trautman,TE,DEN,NA,NA,342.5,338.7,65.3,3,4,2026-07-31,fp_id,396,395
00-0040887,28155,Josh Cuevas,TE,BAL,NA,NA,343,339.7,65.8,3,4,2026-07-31,name-fallback (rookie),397,397
00-0039359,25269,Cade Stover,TE,HOU,26.1,2024,343.3,337.6,69,3,4,2026-07-31,fp_id,398,392
00-0041415,28113,Dean Connors,RB,LAR,NA,NA,343.5,333.8,103,3,4,2026-07-31,name-fallback (rookie),399,384
00-0041004,28131,Chase Roberts,WR,LV,NA,NA,343.6,343.6,151,3,3,2026-07-31,name-fallback (rookie),400,412
00-0038752,25339,Jake Bobo,WR,SEA,28,2023,343.8,343.8,151.2,3,3,2026-07-31,fp_id,401,414
00-0038618,25332,Xavier Hutchinson,WR,HOU,26.2,2023,343.9,343.9,151.3,3,3,2026-07-31,fp_id,402,415
00-0041133,28352,Dallen Bentley,TE,DEN,NA,NA,344,340.2,66.8,3,4,2026-07-31,name-fallback (rookie),403,400
00-0040218,27294,Jimmy Horn Jr.,WR,CAR,23.9,2025,344.4,344.4,151.8,3,3,2026-07-31,fp_id,404,417
00-0040466,24351,Raheim Sanders,RB,CLE,24.1,2025,344.5,335,104.2,3,4,2026-07-31,fp_id,405,386
00-0039824,26343,Jared Wiley,TE,KC,25.7,2024,344.7,336.1,67.5,3,4,2026-07-31,fp_id,406,387
00-0038400,24740,Tanner McKee,QB,PHI,26.3,2023,344.8,350.7,54.4,3,3,2026-07-31,fp_id,407,448
00-0040172,27486,Jordan Watkins,WR,SF,24.5,2025,344.8,320.3,152.2,3,6,2026-07-31,fp_id,408,367
00-0036182,19747,Nick Westbrook-Ikhine,WR,IND,29.4,2020,344.8,344.8,152.2,3,3,2026-07-31,fp_id,409,419
00-0041524,28403,Will Kacmarek,TE,MIA,NA,NA,345.4,333.3,68.2,3,4,2026-07-31,name-fallback (rookie),410,383
00-0040939,23167,Michael Trigg,TE,DAL,NA,NA,345.6,307.4,62.1,3,8,2026-07-31,name-fallback (rookie),411,349
00-0039405,26329,Jawhar Jordan,RB,HOU,27,2024,346,313.3,109.5,3,7,2026-07-31,fp_id,412,358
00-0035993,19297,Tyler Huntley,QB,BAL,28.5,2020,346.2,359.5,63.2,3,2,2026-07-31,fp_id,413,484
00-0032950,15520,Carson Wentz,QB,MIN,33.6,2016,346.4,359.7,63.4,3,2,2026-07-31,fp_id,414,486
00-0038705,25654,Emari Demercado,RB,KC,27.5,2023,346.6,311.2,88.4,3,7,2026-07-31,fp_id,415,353
NA,28111,Terion Stewart,RB,KC,NA,NA,346.7,337,106.2,3,4,2026-07-31,unmatched,416,389
00-0037013,22679,Zach Wilson,QB,NO,27,2021,347.2,360.5,64.2,3,2,2026-07-31,fp_id,417,492
00-0037157,24901,Bam Knight,RB,ARI,25.3,2022,347.3,337.6,106.8,3,4,2026-07-31,fp_id,418,393
00-0036165,19375,Isaiah Hodgins,WR,NYG,27.8,2020,347.3,347.3,154.7,3,3,2026-07-31,fp_id,419,429
00-0036637,19539,Noah Gray,TE,KC,27.3,2021,348,311.4,54.6,3,7,2026-07-31,fp_id,420,354
00-0038102,22722,Kenny Pickett,QB,CAR,28.2,2022,348.2,361.5,65.2,3,2,2026-07-31,fp_id,421,493
00-0037258,22947,Dameon Pierce,RB,PHI,26.4,2022,348.2,348.5,107.7,3,3,2026-07-31,fp_id,422,436
00-0028118,10007,Tyrod Taylor,QB,GB,NA,NA,348.4,361.7,65.4,3,2,2026-07-31,fp_id,423,494
00-0033357,17115,Taysom Hill,TE,FA,NA,NA,348.4,339.8,71.2,3,4,2026-07-31,fp_id,424,398
00-0040563,27445,Efton Chism III,WR,NE,24.8,2025,348.4,348.4,155.8,3,3,2026-07-31,fp_id,425,435
00-0039021,25322,Roschon Johnson,RB,CHI,25.5,2023,348.5,338,108,3,4,2026-07-31,fp_id,426,394
00-0037614,22895,John Metchie III,WR,CAR,26,2022,348.5,314,137.1,3,7,2026-07-31,fp_id,427,359
00-0036196,19398,Gabe Davis,WR,FA,27.3,2020,348.6,348.6,156,3,3,2026-07-31,fp_id,428,439
00-0040927,28159,Dae'Quan Wright,TE,PHI,NA,NA,349.2,340.6,72,3,4,2026-07-31,name-fallback (rookie),429,402
00-0031345,12208,Jimmy Garoppolo,QB,LAR,NA,NA,349.3,359.7,63.4,3,2,2026-07-31,fp_id,430,487
00-0034791,17246,Nick Chubb,RB,FA,NA,NA,349.7,340,109.2,3,4,2026-07-31,fp_id,431,399
00-0039739,28896,Roman Wilson,WR,PIT,NA,NA,350.3,350.3,157.7,3,3,2026-07-31,name-fallback (rookie),432,444
00-0038115,24238,Daniel Bellinger,TE,TEN,25.9,2022,350.6,344.3,73.4,3,3,2026-07-31,fp_id,433,416
00-0030564,11606,DeAndre Hopkins,WR,BAL,NA,NA,350.6,350.6,158,3,3,2026-07-31,fp_id,434,446
NA,28134,Eric McAlister,WR,FA,NA,NA,350.6,350.6,158,3,3,2026-07-31,unmatched,435,447
00-0040901,28160,Jaren Kanak,TE,TEN,NA,NA,350.7,337,73.5,3,4,2026-07-31,name-fallback (rookie),436,388
00-0036328,19624,Antonio Gibson,RB,FA,NA,NA,350.7,341,110.2,3,3,2026-07-31,fp_id,437,403
00-0030061,11689,Zach Ertz,TE,FA,35.7,2013,350.8,323.5,73.6,3,5,2026-07-31,fp_id,438,372
00-0040948,26139,J. Michael Sturdivant,WR,GB,NA,NA,351.1,351.1,158.5,3,3,2026-07-31,name-fallback (rookie),439,449
00-0040311,27222,Theo Wease Jr.,WR,MIA,NA,NA,351.3,351.3,158.7,3,3,2026-07-31,fp_id,440,452
00-0035264,18604,Jarrett Stidham,QB,DEN,NA,NA,351.8,365.1,68.8,3,2,2026-07-31,fp_id,441,505
00-0040021,22928,Phil Mafah,RB,DAL,23.8,2025,351.9,342.2,111.4,3,3,2026-07-31,fp_id,442,408
00-0040959,25394,Jaydn Ott,RB,KC,NA,NA,352.3,342.6,111.8,3,3,2026-07-31,name-fallback (rookie),443,409
00-0032775,15665,Demarcus Robinson,WR,SF,31.9,2016,352.9,352.9,160.3,3,3,2026-07-31,fp_id,444,458
00-0039365,25289,Jacob Cowing,WR,SF,25.5,2024,353,353,160.4,3,3,2026-07-31,fp_id,445,460
00-0033699,16483,Austin Ekeler,RB,FA,NA,NA,353.3,343.6,112.8,3,3,2026-07-31,fp_id,446,411
00-0034771,17234,Mason Rudolph,QB,PIT,31,2018,353.6,366.9,70.6,3,2,2026-07-31,fp_id,447,508
00-0040225,23039,Thomas Fidone II,TE,NYG,23.9,2025,353.7,345.1,76.5,3,3,2026-07-31,fp_id,448,422
00-0033869,16381,Mitchell Trubisky,QB,TEN,NA,NA,354.2,367.5,71.2,3,2,2026-07-31,fp_id,449,511
00-0037005,22795,Tommy Tremble,TE,CAR,26.2,2021,354.2,345.6,77,3,3,2026-07-31,fp_id,450,423
00-0037276,19471,Ty Chandler,RB,NO,28.2,2022,354.2,344.5,113.7,3,3,2026-07-31,fp_id,451,418
00-0040651,25976,Damien Martinez,RB,GB,22.5,2025,354.7,345,114.2,3,3,2026-07-31,fp_id,452,420
00-0032392,15581,Austin Hooper,TE,ATL,NA,NA,354.8,341.3,77.6,3,3,2026-07-31,fp_id,453,405
00-0035500,18585,Greg Dortch,WR,DET,28.2,2019,354.9,354.9,162.3,3,3,2026-07-31,fp_id,454,466
00-0037086,24180,Grant Calcaterra,TE,PHI,NA,NA,355.4,346.8,78.2,2,3,2026-07-31,fp_id,455,426
00-0037805,23742,Jeremy Ruckert,TE,NYJ,26,2022,355.7,347.1,78.5,2,3,2026-07-31,fp_id,456,427
00-0033955,16445,Jeremy McNichols,RB,WAS,30.6,2017,355.7,346,115.2,2,3,2026-07-31,fp_id,457,425
00-0035100,18557,Jake Browning,QB,TB,NA,NA,356,369.3,73,2,2,2026-07-31,fp_id,458,514
00-0027973,9907,Andy Dalton,QB,PHI,NA,NA,356.2,369.5,73.2,2,2,2026-07-31,fp_id,459,515
00-0040945,27341,RJ Maryland,TE,GB,NA,NA,356.2,347.6,79,2,3,2026-07-31,name-fallback (rookie),460,430
00-0036415,19483,Van Jefferson,WR,WAS,30,2020,356.2,356.2,163.6,2,2,2026-07-31,fp_id,461,468
00-0034981,18397,Foster Moreau,TE,HOU,NA,NA,356.4,347.8,79.2,2,3,2026-07-31,fp_id,462,432
00-0041453,28093,Luke Altmyer,QB,DET,NA,NA,356.5,369.8,73.5,2,2,2026-07-31,name-fallback (rookie),463,517
00-0038839,24370,Mitch Tinsley,WR,CIN,NA,NA,356.6,356.6,164,2,2,2026-07-31,fp_id,464,469
00-0040398,27161,Brady Cook,QB,NYJ,NA,NA,356.7,370,73.7,2,2,2026-07-31,fp_id,465,518
00-0041312,28115,Noah Whittington,RB,HOU,NA,NA,356.8,347.1,116.3,2,3,2026-07-31,name-fallback (rookie),466,428
00-0041179,22995,Chris Hilton Jr.,WR,WAS,NA,NA,357.1,357.1,164.5,2,2,2026-07-31,name-fallback (rookie),467,471
00-0036556,20162,Brevin Jordan,TE,HOU,26,2021,357.2,348.6,80,2,3,2026-07-31,fp_id,468,437
00-0035243,18283,Miles Sanders,RB,FA,NA,NA,357.5,347.8,117,2,3,2026-07-31,fp_id,469,433
00-0038547,25267,Luke Schoonmaker,TE,DAL,27.8,2023,357.6,349,80.4,2,3,2026-07-31,fp_id,470,440
00-0041239,28114,Chip Trayanum,RB,NYJ,NA,NA,357.8,348.1,117.3,2,3,2026-07-31,name-fallback (rookie),471,434
00-0039920,26023,Malachi Corley,WR,CLE,24.4,2024,358.2,358.2,165.6,2,2,2026-07-31,fp_id,472,476
00-0036924,22728,Michael Carter,RB,TEN,27.2,2021,358.3,348.6,117.8,2,3,2026-07-31,fp_id,473,438
00-0040024,27866,Darius Cooper,WR,PHI,NA,NA,358.3,358.3,165.7,2,2,2026-07-31,fp_id,474,479
00-0040955,28158,John Michael Gyllenborg,TE,KC,NA,NA,358.4,349.8,81.2,2,3,2026-07-31,name-fallback (rookie),475,443
00-0035249,18487,Josh Oliver,TE,MIN,29.4,2019,358.6,347.7,81.4,2,3,2026-07-31,fp_id,476,431
00-0037085,23812,Tyler Badie,RB,DEN,26.5,2022,358.7,349,118.2,2,3,2026-07-31,fp_id,477,441
00-0040014,23066,Kyle McCord,QB,GB,23.9,2025,358.8,372.1,75.8,2,2,2026-07-31,fp_id,478,526
00-0037091,24049,Bo Melton,WR,GB,27.2,2022,358.9,358.9,166.3,2,2,2026-07-31,fp_id,479,482
00-0041273,28110,Desmond Reid,RB,FA,NA,NA,359,349.3,118.5,2,3,2026-07-31,name-fallback (rookie),480,442
00-0039796,25983,Rasheen Ali,RB,BAL,25.5,2024,359.7,341,119.2,2,3,2026-07-31,fp_id,481,404
00-0033319,16726,Nick Mullens,QB,JAC,NA,NA,360,373.3,77,2,2,2026-07-31,fp_id,482,531
00-0041293,26015,Dane Key,WR,DEN,NA,NA,360.1,360.1,167.5,2,2,2026-07-31,name-fallback (rookie),483,490
00-0037004,22783,Hunter Long,TE,JAC,NA,NA,360.2,351.6,83,2,3,2026-07-31,fp_id,484,453
00-0040522,27066,Xavier Restrepo,WR,TEN,24.3,2025,360.2,360.2,167.6,2,2,2026-07-31,fp_id,485,491
00-0031687,14338,Raheem Mostert,RB,LV,NA,NA,360.3,350.6,119.8,2,3,2026-07-31,fp_id,486,445
00-0035704,18225,Drew Lock,QB,SEA,29.7,2019,360.8,374.1,77.8,2,2,2026-07-31,fp_id,487,533
00-0040194,27469,Jackson Hawes,TE,BUF,NA,NA,361,352.4,83.8,2,3,2026-07-31,fp_id,488,455
00-0041326,25396,CJ Donaldson,RB,NO,NA,NA,361,351.3,120.5,2,3,2026-07-31,name-fallback (rookie),489,451
00-0038550,24332,Hendon Hooker,QB,TEN,NA,NA,361.5,374.8,78.5,2,2,2026-07-31,fp_id,490,535
00-0039107,23927,Stetson Bennett IV,QB,LAR,NA,NA,362,375.3,79,2,2,2026-07-31,fp_id,491,536
00-0037475,24621,Stone Smartt,TE,PHI,NA,NA,362.6,354,85.4,2,3,2026-07-31,fp_id,492,463
00-0041248,28136,Noah Thomas,WR,CIN,NA,NA,362.6,362.6,170,2,2,2026-07-31,name-fallback (rookie),493,496
00-0039407,26194,Dylan Laube,RB,LV,26.6,2024,363.1,353.4,122.6,2,3,2026-07-31,fp_id,494,461
00-0040589,27129,Kurtis Rourke,QB,SF,NA,NA,364.3,377.6,81.3,2,1,2026-07-31,fp_id,495,543
00-0040494,27580,Max Brosmer,QB,MIN,NA,NA,364.3,377.6,81.3,2,1,2026-07-31,fp_id,496,544
00-0036567,22813,Elijah Mitchell,RB,PHI,28.2,2021,364.3,354.6,123.8,2,3,2026-07-31,fp_id,497,464
00-0036906,22763,Khalil Herbert,RB,FA,28.3,2021,364.5,354.8,124,2,3,2026-07-31,fp_id,498,465
00-0031236,12122,Brandin Cooks,WR,FA,NA,NA,364.6,364.6,172,2,2,2026-07-31,fp_id,499,503
00-0034577,17869,Kyle Allen,QB,BUF,NA,NA,365,378.3,82,2,1,2026-07-31,fp_id,500,546
00-0041216,28139,Trebor Pena,WR,JAC,NA,NA,365.1,365.1,172.5,2,2,2026-07-31,name-fallback (rookie),501,506
00-0039420,24747,Jaheim Bell,TE,PIT,NA,NA,365.9,357.3,88.7,2,2,2026-07-31,fp_id,502,472
00-0036232,19389,Harrison Bryant,TE,FA,NA,NA,366.2,357.6,89,2,2,2026-07-31,fp_id,503,474
00-0037617,23798,Hassan Haskins,RB,LAC,26.7,2022,366.5,356.8,126,2,2,2026-07-31,fp_id,504,470
00-0038040,20095,Zamir White,RB,LV,NA,NA,367,357.3,126.5,2,2,2026-07-31,fp_id,505,473
00-0032211,13971,Tyler Lockett,WR,LV,NA,NA,367.1,367.1,174.5,2,2,2026-07-31,fp_id,506,509
00-0033857,16427,JuJu Smith-Schuster,WR,NYG,NA,NA,367.3,367.3,174.7,2,2,2026-07-31,fp_id,507,510
00-0039074,23761,Davis Allen,TE,LAR,25.5,2023,367.4,358.8,90.2,2,2,2026-07-31,fp_id,508,480
00-0036265,19358,AJ Dillon,RB,CAR,28.2,2020,367.8,358.1,127.3,2,2,2026-07-31,fp_id,509,475
00-0040582,22965,Arian Smith,WR,NYJ,24.8,2025,367.8,367.8,175.2,2,2,2026-07-31,fp_id,510,512
00-0036251,19263,Zack Moss,RB,FA,NA,NA,368,358.3,127.5,2,2,2026-07-31,fp_id,511,477
00-0034972,18621,Alexander Mattison,RB,FA,28.1,2019,368,358.3,127.5,2,2,2026-07-31,fp_id,512,478
00-0034613,17826,Tanner Hudson,TE,CIN,NA,NA,368.2,359.6,91,2,2,2026-07-31,fp_id,513,485
00-0037755,23829,Jelani Woods,TE,NYJ,NA,NA,368.5,359.9,91.3,2,2,2026-07-31,fp_id,514,488
00-0038636,25329,Kenny McIntosh,RB,FA,NA,NA,368.5,358.8,128,2,2,2026-07-31,fp_id,515,481
00-0036876,22841,Kylen Granson,TE,TEN,NA,NA,368.7,360.1,91.5,2,2,2026-07-31,fp_id,516,489
00-0038122,20080,Desmond Ridder,QB,FA,NA,NA,369,382.3,86,2,1,2026-07-31,fp_id,517,558
00-0034272,17528,Marquez Valdes-Scantling,WR,DAL,NA,NA,369.6,369.6,177,2,2,2026-07-31,fp_id,518,516
00-0038108,24027,Bailey Zappe,QB,NYJ,NA,NA,369.7,383,86.7,2,1,2026-07-31,fp_id,519,561
00-0036879,19803,Sam Ehlinger,QB,DEN,NA,NA,370.5,383.8,87.5,2,1,2026-07-31,fp_id,520,563
00-0041185,28150,Vinny Anthony II,WR,ATL,NA,NA,370.6,370.6,178,2,2,2026-07-31,name-fallback (rookie),521,521
00-0033591,16443,Noah Brown,WR,FA,NA,NA,371.6,371.6,179,2,2,2026-07-31,fp_id,522,524
00-0036628,22833,John Bates,TE,WAS,NA,NA,371.9,363.3,94.7,2,2,2026-07-31,fp_id,523,499
00-0040081,22924,Jake Briningstool,TE,KC,NA,NA,371.9,363.3,94.7,2,2,2026-07-31,fp_id,524,500
00-0039062,23030,Jonathan Mingo,WR,DAL,25.3,2023,372,372,179.4,2,2,2026-07-31,fp_id,525,525
00-0038396,23075,Eric Gray,RB,NYG,NA,NA,372.2,362.5,131.7,2,2,2026-07-31,fp_id,526,495
00-0040205,27045,Kalel Mullings,RB,TEN,23.8,2025,372.5,362.8,132,2,2,2026-07-31,fp_id,527,497
00-0034159,18049,Will Dissly,TE,FA,30.1,2018,372.7,364.1,95.5,2,2,2026-07-31,fp_id,528,502
00-0036414,19268,Cam Akers,RB,FA,NA,NA,373,363.3,132.5,2,2,2026-07-31,fp_id,529,501
00-0033943,16439,Josh Reynolds,WR,FA,NA,NA,373.1,373.1,180.5,2,2,2026-07-31,fp_id,530,530
00-0037327,24170,Skylar Thompson,QB,BAL,NA,NA,373.5,386.8,90.5,2,1,2026-07-31,fp_id,531,570
00-0032385,15569,Sterling Shepard,WR,FA,NA,NA,373.6,373.6,181,2,2,2026-07-31,fp_id,532,532
00-0032104,13924,Ameer Abdullah,RB,JAC,NA,NA,374.5,364.8,134,2,2,2026-07-31,fp_id,533,504
00-0040551,27263,Nick Nash,WR,WAS,NA,NA,375.9,375.9,183.3,2,2,2026-07-31,fp_id,534,538
00-0038397,25325,Evan Hull,RB,HOU,NA,NA,376,366.3,135.5,2,2,2026-07-31,fp_id,535,507
00-0026300,9326,Josh Johnson,QB,CIN,NA,NA,376.5,389.8,93.5,2,1,2026-07-31,fp_id,536,573
00-0039379,26162,Jamari Thrash,WR,CLE,25.6,2024,376.6,376.6,184,2,2,2026-07-31,fp_id,537,540
00-0033891,16431,Zay Jones,WR,FA,31.3,2017,376.9,376.9,184.3,1,1,2026-07-31,fp_id,538,541
00-0038476,25746,Tommy DeVito,QB,NE,NA,NA,377.5,390.8,94.5,1,1,2026-07-31,fp_id,539,576
00-0037509,23172,Sincere McCormick,RB,SF,NA,NA,378.5,368.8,138,1,2,2026-07-31,fp_id,540,513
00-0036754,23341,Brock Wright,TE,DET,27.7,2021,379.2,370.6,102,1,2,2026-07-31,fp_id,541,520
00-0036887,19501,Luke Farrell,TE,SF,NA,NA,379.7,371.1,102.5,1,2,2026-07-31,fp_id,542,522
00-0028986,11425,Case Keenum,QB,CHI,NA,NA,380,393.3,97,1,1,2026-07-31,fp_id,543,581
00-0038589,22923,Josh Whyle,TE,GB,NA,NA,380.2,371.6,103,1,2,2026-07-31,fp_id,544,523
00-0036984,19425,Trey Sermon,RB,FA,NA,NA,380.2,370.5,139.7,1,2,2026-07-31,fp_id,545,519
00-0035216,18615,Diontae Johnson,WR,FA,NA,NA,380.6,380.6,188,1,1,2026-07-31,fp_id,546,552
00-0039737,26432,Tip Reiman,TE,ARI,NA,NA,380.7,372.1,103.5,1,2,2026-07-31,fp_id,547,527
00-0033375,16556,Tim Patrick,WR,NYJ,NA,NA,381.1,381.1,188.5,1,1,2026-07-31,fp_id,548,553
00-0039810,22956,Jermaine Burton,WR,FA,NA,NA,381.1,381.1,188.5,1,1,2026-07-31,fp_id,549,554
00-0035021,18656,Ashton Dulin,WR,IND,NA,NA,382.1,382.1,189.5,1,1,2026-07-31,fp_id,550,557
00-0033854,16879,Dare Ogunbowale,RB,FA,NA,NA,382.5,372.8,142,1,2,2026-07-31,fp_id,551,528
00-0037120,22976,Tyler Goodson,RB,ATL,25.7,2022,382.5,372.8,142,1,2,2026-07-31,fp_id,552,529
00-0039853,22885,Javon Baker,WR,FA,24.4,2024,382.6,382.6,190,1,1,2026-07-31,fp_id,553,559
00-0038720,25824,Julian Hill,TE,NE,NA,NA,382.7,374.1,105.5,1,2,2026-07-31,fp_id,554,534
00-0036630,19801,Tylan Wallace,WR,CLE,NA,NA,382.9,382.9,190.3,1,1,2026-07-31,fp_id,555,560
00-0039754,26440,Devin Culp,TE,TB,NA,NA,384.2,375.6,107,1,2,2026-07-31,fp_id,556,537
00-0038090,23905,Skyy Moore,WR,GB,25.9,2022,384.6,384.6,192,1,1,2026-07-31,fp_id,557,565
00-0040301,22901,Jalin Conyers,TE,FA,NA,NA,385.2,376.6,108,1,2,2026-07-31,fp_id,558,539
00-0037539,24240,Lucas Krull,TE,DEN,NA,NA,385.7,377.1,108.5,1,1,2026-07-31,fp_id,559,542
00-0038391,20073,Sean Clifford,QB,CIN,NA,NA,386,399.3,103,1,1,2026-07-31,fp_id,560,602
00-0040244,23093,Moliki Matavao,TE,NO,NA,NA,386.2,377.6,109,1,1,2026-07-31,fp_id,561,545
00-0038394,23821,Will Mallory,TE,IND,NA,NA,387.7,379.1,110.5,1,1,2026-07-31,fp_id,562,547
00-0037292,24561,Drew Ogletree,TE,IND,NA,NA,388.7,380.1,111.5,1,1,2026-07-31,fp_id,563,549
00-0033246,16743,Johnny Mundt,TE,PHI,NA,NA,389.2,380.6,112,1,1,2026-07-31,fp_id,564,551
00-0036425,19521,DeeJay Dallas,RB,JAC,NA,NA,389.5,379.8,149,1,1,2026-07-31,fp_id,565,548
00-0035567,19074,Craig Reynolds,RB,FA,NA,NA,390,380.3,149.5,1,1,2026-07-31,fp_id,566,550
00-0036357,19207,Henry Ruggs III,WR,FA,NA,NA,390.1,390.1,197.5,1,1,2026-07-31,fp_id,567,575
00-0039050,25346,Payne Durham,TE,TB,NA,NA,390.2,381.6,113,1,1,2026-07-31,fp_id,568,556
00-0034184,17687,Gus Edwards,RB,FA,NA,NA,391,381.3,150.5,1,1,2026-07-31,fp_id,569,555
00-0035631,18561,Drew Sample,TE,CIN,NA,NA,392.7,384.1,115.5,1,1,2026-07-31,fp_id,570,564
00-0036755,20155,Jaret Patterson,RB,LAC,NA,NA,393,383.3,152.5,1,1,2026-07-31,fp_id,571,562
00-0038612,24353,A.T. Perry,WR,PIT,NA,NA,394.1,394.1,201.5,1,1,2026-07-31,fp_id,572,587
00-0033589,16757,David Moore,WR,CAR,NA,NA,394.1,394.1,201.5,1,1,2026-07-31,fp_id,573,588
00-0039530,26003,Brevyn Spann-Ford,TE,DAL,NA,NA,394.7,386.1,117.5,1,1,2026-07-31,fp_id,574,568
00-0033217,16579,Mo Alie-Cox,TE,IND,NA,NA,394.7,386.1,117.5,1,1,2026-07-31,fp_id,575,569
NA,27293,Marcus Yarns,RB,FA,NA,NA,395,385.3,154.5,1,1,2026-07-31,unmatched,576,566
00-0039325,26372,Carson Steele,RB,PHI,NA,NA,395,385.3,154.5,1,1,2026-07-31,fp_id,577,567
00-0039236,25295,Johnny Wilson,WR,PHI,25.3,2024,395.6,395.6,203,1,1,2026-07-31,fp_id,578,592
00-0033576,16706,Eric Saubert,TE,SEA,NA,NA,396.2,387.6,119,1,1,2026-07-31,fp_id,579,571
00-0034521,17301,Allen Lazard,WR,FA,NA,NA,397.1,397.1,204.5,1,1,2026-07-31,fp_id,580,596
00-0036741,23193,Jack Stoll,TE,CLE,NA,NA,397.7,389.1,120.5,1,1,2026-07-31,fp_id,581,572
00-0036955,23242,Terrace Marshall Jr.,WR,MIA,NA,NA,398.1,398.1,205.5,1,1,2026-07-31,fp_id,582,599
00-0039747,23142,Ainias Smith,WR,CAR,25.2,2024,399.1,399.1,206.5,1,1,2026-07-31,fp_id,583,600
00-0036427,18633,Tyler Johnson,WR,DAL,27.9,2020,399.1,399.1,206.5,1,1,2026-07-31,fp_id,584,601
00-0034681,17496,Chase Edmonds,RB,WAS,NA,NA,399.5,389.8,159,1,1,2026-07-31,fp_id,585,574
00-0040241,26013,Dominic Lovett,WR,DET,NA,NA,399.6,399.6,207,1,1,2026-07-31,fp_id,586,603
00-0034798,17508,Durham Smythe,TE,BAL,NA,NA,399.7,391.1,122.5,1,1,2026-07-31,fp_id,587,578
00-0034407,17530,Ray-Ray McCloud III,WR,FA,NA,NA,400.1,400.1,207.5,1,1,2026-07-31,fp_id,588,604
00-0039703,26216,Cody Schrader,RB,DEN,NA,NA,400.5,390.8,160,1,1,2026-07-31,fp_id,589,577
00-0036360,19325,Clyde Edwards-Helaire,RB,FA,NA,NA,401,391.3,160.5,1,1,2026-07-31,fp_id,590,579
00-0037282,23174,James Mitchell,TE,CAR,NA,NA,401.7,393.1,124.5,1,1,2026-07-31,fp_id,591,580
00-0038941,25442,Tyler Scott,WR,LAR,24.8,2023,402.1,402.1,209.5,1,1,2026-07-31,fp_id,592,607
00-0034418,17262,Cedrick Wilson Jr.,WR,DET,NA,NA,402.6,402.6,210,1,1,2026-07-31,fp_id,593,608
00-0037304,24562,Connor Heyward,TE,LV,NA,NA,402.7,394.1,125.5,1,1,2026-07-31,fp_id,594,586
00-0030578,11613,Cordarrelle Patterson,RB,FA,NA,NA,403,393.3,162.5,1,1,2026-07-31,fp_id,595,582
00-0038576,25336,Charlie Jones,WR,CIN,NA,NA,403.1,403.1,210.5,1,1,2026-07-31,fp_id,596,610
00-0035329,18835,Donald Parham Jr.,TE,FA,NA,NA,403.2,394.6,126,1,1,2026-07-31,fp_id,597,590
00-0037299,23162,Keaontay Ingram,RB,FA,NA,NA,403.5,393.8,163,1,1,2026-07-31,fp_id,598,583
00-0038518,25770,Deneric Prince,RB,FA,NA,NA,403.5,393.8,163,1,1,2026-07-31,fp_id,599,584
00-0038389,24352,Israel Abanikanda,RB,DAL,23.8,2023,403.5,393.8,163,1,1,2026-07-31,fp_id,600,585
00-0039266,22962,Kendall Milton,RB,CIN,24.5,2024,404,394.3,163.5,1,1,2026-07-31,fp_id,601,589
00-0036534,23461,Shane Zylstra,TE,BUF,NA,NA,404.2,395.6,127,1,1,2026-07-31,fp_id,602,591
00-0034365,17387,Ian Thomas,TE,LV,NA,NA,405.2,396.6,128,1,1,2026-07-31,fp_id,603,594
00-0038098,24173,Pierre Strong Jr.,RB,GB,NA,NA,406,396.3,165.5,1,1,2026-07-31,fp_id,604,593
00-0038573,25334,Derius Davis,WR,LAC,25.9,2023,406.1,406.1,213.5,1,1,2026-07-31,fp_id,605,616
00-0037277,24182,Teagan Quitoriano,TE,ARI,NA,NA,406.2,397.6,129,1,1,2026-07-31,fp_id,606,598
00-0038622,22984,Deuce Vaughn,RB,FA,NA,NA,406.5,396.8,166,1,1,2026-07-31,fp_id,607,595
00-0039573,26391,Blake Watson,RB,FA,NA,NA,407,397.3,166.5,1,1,2026-07-31,fp_id,608,597
00-0036862,22843,Ben Skowronek,WR,PIT,NA,NA,409.6,409.6,217,1,1,2026-07-31,fp_id,609,617
00-0034983,18345,Hunter Renfrow,WR,FA,NA,NA,410.1,410.1,217.5,1,1,2026-07-31,fp_id,610,619
00-0034386,17603,Justin Watson,WR,HOU,NA,NA,410.1,410.1,217.5,1,1,2026-07-31,fp_id,611,620
00-0035298,18714,Scotty Miller,WR,CHI,NA,NA,410.1,410.1,217.5,1,1,2026-07-31,fp_id,612,621
00-0036020,19449,Salvon Ahmed,RB,CHI,NA,NA,410.5,400.8,170,1,1,2026-07-31,fp_id,613,605
00-0039471,25980,Frank Gore Jr.,RB,BUF,24.4,2024,411.5,401.8,171,1,1,2026-07-31,fp_id,614,606
00-0037557,23986,Ronnie Rivers,RB,LAR,NA,NA,412.5,402.8,172,1,1,2026-07-31,fp_id,615,609
00-0037594,24689,Julius Chestnut,RB,TEN,NA,NA,413.5,403.8,173,1,1,2026-07-31,fp_id,616,611
00-0039385,22896,Keilan Robinson,RB,FA,NA,NA,414,404.3,173.5,1,1,2026-07-31,fp_id,617,612
00-0034419,17289,Braxton Berrios,WR,NYG,NA,NA,414.1,414.1,221.5,1,1,2026-07-31,fp_id,618,623
00-0036345,19708,K.J. Osborn,WR,TEN,NA,NA,414.1,414.1,221.5,1,1,2026-07-31,fp_id,619,624
00-0036842,23249,Kene Nwangwu,RB,NYJ,NA,NA,415,405.3,174.5,1,1,2026-07-31,fp_id,620,613
00-0034115,18026,Jeff Wilson Jr.,RB,FA,NA,NA,415,405.3,174.5,1,1,2026-07-31,fp_id,621,614
00-0035628,19111,D'Ernest Johnson,RB,FA,NA,NA,415,405.3,174.5,1,1,2026-07-31,fp_id,622,615
00-0039386,26354,Bub Means,WR,NO,25.6,2024,416.1,416.1,223.5,1,1,2026-07-31,fp_id,623,625
00-0037745,24214,Velus Jones Jr.,WR,SEA,NA,NA,417.6,417.6,225,1,1,2026-07-31,fp_id,624,627
00-0039884,26397,Tahj Washington,WR,MIA,25.2,2024,417.6,417.6,225,1,1,2026-07-31,fp_id,625,628
00-0035594,18616,Travis Homer,RB,PIT,NA,NA,419.5,409.8,179,1,1,2026-07-31,fp_id,626,618
00-0036297,19418,Darrynton Evans,RB,FA,NA,NA,421,411.3,180.5,1,1,2026-07-31,fp_id,627,622
00-0038496,25758,Xavier Gipson,WR,NYG,25.4,2023,421.1,421.1,228.5,1,1,2026-07-31,fp_id,628,633
00-0036331,19270,Devin Duvernay,WR,ARI,28.9,2020,422.6,422.6,230,1,1,2026-07-31,fp_id,629,634
00-0035140,18587,Mecole Hardman Jr.,WR,BUF,NA,NA,423.6,423.6,231,0,0,2026-07-31,fp_id,630,635
00-0036271,19715,Quez Watkins,WR,PHI,NA,NA,423.6,423.6,231,0,0,2026-07-31,fp_id,631,636
00-0038492,25754,Jason Brownlee,WR,KC,NA,NA,424.1,424.1,231.5,0,0,2026-07-31,fp_id,632,637
00-0034367,17297,Nyheim Miller-Hines,RB,FA,NA,NA,426,416.3,185.5,0,1,2026-07-31,fp_id,633,626
00-0035806,19627,JaMycal Hasty,RB,FA,NA,NA,427.5,417.8,187,0,1,2026-07-31,fp_id,634,629
00-0039684,26380,Michael Wiley,RB,FA,NA,NA,428,418.3,187.5,0,1,2026-07-31,fp_id,635,630
00-0036569,23293,Gary Brightwell,RB,CIN,NA,NA,428.5,418.8,188,0,1,2026-07-31,fp_id,636,631
00-0039397,26411,Tejhaun Palmer,WR,ARI,NA,NA,429.6,429.6,237,0,0,2026-07-31,fp_id,637,639
00-0035291,18607,Trayveon Williams,RB,FA,NA,NA,430,420.3,189.5,0,1,2026-07-31,fp_id,638,632
00-0037828,24178,Danny Gray,WR,PHI,NA,NA,431.1,431.1,238.5,0,0,2026-07-31,fp_id,639,641
00-0038409,25443,Lew Nichols III,RB,PIT,NA,NA,437.5,427.8,197,0,0,2026-07-31,fp_id,640,638
00-0037410,22948,Jashaun Corbin,RB,FA,NA,NA,439.5,429.8,199,0,0,2026-07-31,fp_id,641,640
