team,hc_2025,hc_2026,qb_2025,qb_2025_starts,qb_2025_all,qb26_r1,qb26_r2,oc_2025,pc_2025,adds,losses,n_picks,picks,skill_picks,hc_change,qb_change,oc_vacated,oc_status,dc_status
ARI,Jonathan Gannon,Jonathan Gannon,Jacoby Brissett,12,"Jacoby Brissett (12), Kyler Murray (5)",Jacoby Brissett,Gardner Minshew II,Drew Petzing,Drew Petzing,"Andrew Wingard (DB, from JAX); Kendrick Bourne (WR, from SF); Jack Gibbens (LB, from NE); Jonah Williams (DL, from NO); Andrew Billings (DL, from CHI); Roy Lopez (DL, from DET); Tyler Allgeier (RB, from ATL); Isaiah Oliver (DB, from NYJ)",Jalen Thompson (DB -> DAL); Akeem Davis-Gaither (LB -> IND); Dalvin Tomlinson (DL -> LAC); Calais Campbell (DL -> BAL); Michael Carter (RB -> TEN); Kyler Murray (QB -> MIN),7,R1.3 Jeremiyah Love (RB); R2.34 Chase Bisontis (G); R3.65 Carson Beck (QB); R4.104 Kaleb Proctor (DT); R5.143 Reggie Virgil (WR); R6.183 Karson Sharar (LB); R7.217 Jayden Williams (OL),R1 Jeremiyah Love (RB); R3 Carson Beck (QB),FALSE,FALSE,FALSE,Unknown - needs coordinators.csv,Unknown - needs coordinators.csv
ATL,Raheem Morris,Raheem Morris,Michael Penix,9,"Kirk Cousins (8), Michael Penix (9)",Tua Tagovailoa,Michael Penix Jr.,Zac Robinson,Zac Robinson,"Tua Tagovailoa (QB, from MIA); Jahan Dotson (WR, from PHI); Austin Hooper (TE, from NE); Olamide Zaccheaus (WR, from CHI); Da'Shawn Hand (DL, from LAC); Samson Ebukam (DL, from IND); Maason Smith (DL, from JAX); Cameron Thomas (DL, from CLE); Sydney Brown (DB, from PHI); Chris Williams (DL, from CHI); Brian Robinson (RB, from SF); Darnay Holmes (DB, from LV)",Kaden Elliss (LB -> NO); Darnell Mooney (WR -> NYG); David Onyemata (DL -> NYJ); Ruke Orhorhoro (DL -> JAX); Dee Alford (DB -> BUF); David Sills (WR -> TB); Kirk Cousins (QB -> LV); Arnold Ebiketie (LB -> PHI); Tyler Allgeier (RB -> ARI),6,R2.48 Avieon Terrell (CB); R3.79 Zachariah Branch (WR); R4.134 Kendal Daniels (LB); R6.208 Anterio Thompson (DT); R6.215 Harold Perkins Jr. (LB); R7.231 Ethan Onianwa (G),R3 Zachariah Branch (WR),FALSE,TRUE,FALSE,Unknown - needs coordinators.csv,Unknown - needs coordinators.csv
BAL,John Harbaugh,Jesse Minter,Lamar Jackson,13,"Cooper Rush (2), Lamar Jackson (13), Tyler Huntley (2)",Lamar Jackson,Tyler Huntley,Todd Monken,Todd Monken,"Jaylinn Hawkins (DB, from NE); Calais Campbell (DL, from ARI); Durham Smythe (TE, from CHI); Trey Hendrickson (DL, from CIN)",Alohi Gilman (DB -> KC); Dre'Mont Jones (LB -> NE); Isaiah Likely (TE -> NYG); Charlie Kolar (TE -> LAC),11,R1.14 Olaivavega Ioane (OG); R2.45 Zion Young (DE); R3.80 Ja'Kobi Lane (WR); R4.115 Elijah Sarratt (WR); R4.133 Matthew Hibner (TE); R5.162 Chandler Rivers (CB); R5.173 Josh Cuevas (TE); R5.174 Adam Randall (RB); R6.211 Ryan Eckley (P); R7.250 Rayshaun Benny (DT); R7.253 Evan Beerntsen (OL),R3 Ja'Kobi Lane (WR),TRUE,FALSE,TRUE,CHANGED (2025 OC/PC took an HC job),Change likely (new HC)
BUF,Sean McDermott,Sean McDermott,Josh Allen,18,"Josh Allen (18), Mitchell Trubisky (1)",Josh Allen,Kyle Allen,Joe Brady,Joe Brady,"DJ Moore (WR, from CHI); Geno Stone (DB, from CIN); C.J. Gardner-Johnson (DB, from CHI); Bradley Chubb (LB, from MIA); Dee Alford (DB, from ATL); Michael Danna (DL, from KC); Demetrius Flannigan-Fowles (LB, from NYG); Trent Sherfield (WR, from NE); Shane Zylstra (TE, from DET)",Taron Johnson (DB -> LV); Cam Lewis (DB -> CHI),10,R2.35 T.J. Parker (DE); R2.62 Davison Igbinosun (CB); R4.102 Jude Bowry (OT); R4.125 Skyler Bell (WR); R4.126 Kaleb Elarms-Orr (LB); R5.167 Jalon Kilgore (CB); R5.181 Zane Durant (DT); R7.220 Toriano Pride Jr. (CB); R7.239 Tommy Doman (P); R7.241 Ar'maj Reed-Adams (G),,FALSE,FALSE,FALSE,Unknown - needs coordinators.csv,Unknown - needs coordinators.csv
CAR,Dave Canales,Dave Canales,Bryce Young,18,Bryce Young (18),Bryce Young,Kenny Pickett,Brad Idzik,Dave Canales,"Jaelan Phillips (LB, from PHI); Devin Lloyd (LB, from JAX); John Metchie III (WR, from NYJ)",Christian Rozeboom (LB -> TB); D.J. Wonnum (LB -> DET); A'Shawn Robinson (DL -> TB); Rico Dowdle (RB -> PIT),7,R1.19 Monroe Freeling (OT); R2.49 Lee Hunter (DT); R3.83 Chris Brazzell II (WR); R4.129 Will Lee III (CB); R5.144 Sam Hecht (C); R5.151 Zakee Wheatley (S); R7.227 Jackson Kuwatch (LB),R3 Chris Brazzell II (WR),FALSE,FALSE,FALSE,Unknown - needs coordinators.csv,Unknown - needs coordinators.csv
CHI,Ben Johnson,Ben Johnson,Caleb Williams,19,Caleb Williams (19),Caleb Williams,Tyson Bagent,Declan Doyle,Ben Johnson,"Coby Bryant (DB, from SEA); Devin Bush (LB, from CLE); Neville Gallimore (DL, from IND); Cam Lewis (DB, from BUF); Kalif Raymond (WR, from DET); James Lynch (DL, from TEN); Jack Sanborn (LB, from DAL); Kentavius Street (DL, from ATL); Scott Miller (WR, from PIT)",Jaquan Brisker (DB -> PIT); Kevin Byard (DB -> NE); Nahshon Wright (DB -> NYJ); DJ Moore (WR -> BUF); Tremaine Edmunds (LB -> NYG); C.J. Gardner-Johnson (DB -> BUF); Olamide Zaccheaus (WR -> ATL); Andrew Billings (DL -> ARI); Durham Smythe (TE -> BAL),7,R1.25 Dillon Thieneman (S); R2.57 Logan Jones (C); R3.69 Sam Roush (TE); R3.89 Zavion Thomas (WR); R4.124 Malik Muhammad (CB); R5.166 Keyshaun Elliott (LB); R6.213 Jordan van den Berg (DL),R3 Sam Roush (TE); R3 Zavion Thomas (WR),FALSE,FALSE,FALSE,Unknown - needs coordinators.csv,Unknown - needs coordinators.csv
CIN,Zac Taylor,Zac Taylor,Joe Burrow,8,"Jake Browning (3), Joe Burrow (8), Joe Flacco (6)",Joe Burrow,Joe Flacco,Dan Pitcher,Zac Taylor,"Bryan Cook (DB, from KC); Jonathan Allen (DL, from MIN); Kyle Dugger (DB, from PIT); Dexter Lawrence (DL, from NYG); Boye Mafe (LB, from SEA)",Geno Stone (DB -> BUF); Joseph Ossai (DL -> NYJ); Noah Fant (TE -> NO); Cam Taylor-Britt (DB -> IND),7,R2.41 Cashius Howell (DE); R3.72 Tacario Davis (CB); R4.128 Connor Lew (C); R4.140 Colbie Young (WR); R6.189 Brian Parker II (OT); R7.221 Jack Endries (TE); R7.226 Landon Robinson (NT),,FALSE,FALSE,FALSE,Unknown - needs coordinators.csv,Unknown - needs coordinators.csv
CLE,Kevin Stefanski,Todd Monken,Shedeur Sanders,7,"Dillon Gabriel (6), Joe Flacco (4), Shedeur Sanders (7)",Deshaun Watson,Shedeur Sanders,Tommy Rees,Tommy Rees,"Jared Verse (LB, from LA); Quincy Williams (LB, from NYJ); Kalia Davis (DL, from SF); Myles Bryant (DB, from HOU); Jack Stoll (TE, from NO); Tylan Wallace (WR, from BAL)",Devin Bush (LB -> CHI); Myles Garrett (DL -> LA); David Njoku (TE -> LAC); Shelby Harris (DL -> NYG); Cameron Thomas (DL -> ATL),10,R1.9 Spencer Fano (OT); R1.24 KC Concepcion (WR); R2.39 Denzel Boston (WR); R2.58 Emmanuel McNeil-Warren (S); R3.86 Austin Barber (OT); R5.146 Parker Brailsford (C); R5.149 Justin Jefferson (LB); R5.170 Joe Royer (TE); R6.182 Taylen Green (QB); R7.248 Carsen Ryan (TE),R1 KC Concepcion (WR); R2 Denzel Boston (WR),TRUE,TRUE,FALSE,Change likely (new HC),Change likely (new HC)
DAL,Brian Schottenheimer,Brian Schottenheimer,Dak Prescott,17,Dak Prescott (17),Dak Prescott,Joe Milton III,Klayton Adams,Brian Schottenheimer,"Dee Winters (LB, from SF); Cobie Durant (DB, from LA); Jalen Thompson (DB, from ARI); Rashan Gary (DL, from GB); Marquez Valdes-Scantling (WR, from PIT); Jonathan Bullard (DL, from NO); P.J. Locke (DB, from DEN); Tyler Johnson (WR, from NYJ); Curtis Robinson (LB, from SF); Otito Ogbonnia (DL, from LAC)",Osa Odighizuwa (DL -> SF); Jalen Tolbert (WR -> MIA); Solomon Thomas (DL -> TEN); Dante Fowler Jr. (DL -> SEA),7,R1.11 Caleb Downs (S); R1.23 Malachi Lawrence (DE); R3.92 Jaishawn Barham (DE); R4.112 Drew Shelton (OT); R4.114 Devin Moore (CB); R4.137 LT Overton (DE); R7.218 Anthony Smith (WR),,FALSE,FALSE,FALSE,Unknown - needs coordinators.csv,Unknown - needs coordinators.csv
DEN,Sean Payton,Sean Payton,Bo Nix,18,"Bo Nix (18), Jarrett Stidham (1)",Bo Nix,Jarrett Stidham,Joe Lombardi,Sean Payton,"Jaylen Waddle (WR, from MIA)",John Franklin-Myers (DL -> TEN); Dre Greenlaw (LB -> SF); P.J. Locke (DB -> DAL),7,R3.66 Tyler Onyedim (DT); R4.108 Jonah Coleman (RB); R4.111 Kage Casey (OT); R5.152 Justin Joly (TE); R7.246 Miles Scott (S); R7.256 Dallen Bentley (TE); R7.257 Red Murdock (LB),,FALSE,FALSE,FALSE,Unknown - needs coordinators.csv,Unknown - needs coordinators.csv
DET,Dan Campbell,Dan Campbell,Jared Goff,17,Jared Goff (17),Jared Goff,Teddy Bridgewater,John Morton,Dan Campbell,"D.J. Wonnum (LB, from CAR); Chuck Clark (DB, from PIT); Isiah Pacheco (RB, from KC); Roger McCreary (DB, from LA); Greg Dortch (WR, from ARI); Jay Tufele (DL, from NYJ); Cedrick Wilson Jr. (WR, from MIA); Tyler Conklin (TE, from LAC); Christian Izien (DB, from TB); Joe Bachie (LB, from TEN)",Alex Anzalone (LB -> TB); Amik Robertson (DB -> WAS); DJ Reader (DL -> NYG); Al-Quadin Muhammad (DL -> TB); Roy Lopez (DL -> ARI); David Montgomery (RB -> HOU); Kalif Raymond (WR -> CHI),7,R1.17 Blake Miller (OT); R2.44 Derrick Moore (DE); R4.118 Jimmy Rolder (LB); R5.157 Keith Abney II (CB); R5.168 Kendrick Law (WR); R6.205 Skyler Gill-Howard (DT); R7.222 Tyre West (DT),,FALSE,FALSE,FALSE,Unknown - needs coordinators.csv,Unknown - needs coordinators.csv
GB,Matt LaFleur,Matt LaFleur,Jordan Love,16,"Clayton Tune (1), Jordan Love (16), Malik Willis (1)",Jordan Love,Tyrod Taylor,Adam Stenavich,Matt LaFleur,"Zaire Franklin (LB, from IND); Javon Hargrave (DL, from MIN); Benjamin St-Juste (DB, from LAC); Tyrod Taylor (QB, from NYJ)",Quay Walker (LB -> LV); Romeo Doubs (WR -> NE); Rashan Gary (DL -> DAL); Colby Wooden (DL -> IND); Kingsley Enagbare (DL -> NYJ); Dontayvion Wicks (WR -> PHI); Nate Hobbs (DB -> SF); Emanuel Wilson (RB -> SEA),6,R2.52 Brandon Cisse (CB); R3.77 Chris McClellan (DT); R4.120 Dani Dennis-Sutton (DE); R5.153 Jager Burton (C); R6.201 Domani Jackson (CB); R6.216 Trey Smack (K),,FALSE,FALSE,FALSE,Unknown - needs coordinators.csv,Unknown - needs coordinators.csv
HOU,DeMeco Ryans,DeMeco Ryans,C.J. Stroud,16,"C.J. Stroud (16), Davis Mills (3)",C.J. Stroud,Davis Mills,Nick Caley,Nick Caley,"Reed Blankenship (DB, from PHI); Logan Hall (DL, from TB); David Montgomery (RB, from DET); Foster Moreau (TE, from NO); Dominique Robinson (DL, from CHI)",Christian Kirk (WR -> SF); Tim Settle (DL -> WAS); Myles Bryant (DB -> CLE),8,R1.26 Keylan Rutledge (G); R2.36 Kayden McDonald (DT); R2.59 Marlin Klein (TE); R4.106 Febechi Nwaiwu (OL); R4.123 Wade Woodaz (LB); R5.141 Kamari Ramsey (S); R6.204 Lewis Bond (WR); R7.243 Aiden Fisher (LB),R2 Marlin Klein (TE),FALSE,FALSE,FALSE,Unknown - needs coordinators.csv,Unknown - needs coordinators.csv
IND,Shane Steichen,Shane Steichen,Daniel Jones,13,"Daniel Jones (13), Philip Rivers (3), Riley Leonard (1)",Daniel Jones,Anthony Richardson Sr.,Jim Bob Cooter,Shane Steichen,"Akeem Davis-Gaither (LB, from ARI); Colby Wooden (DL, from GB); Micheal Clemons (DL, from NYJ); Arden Key (DL, from TEN); Nick Westbrook-Ikhine (WR, from MIA); Jerry Tillery (DL, from KC); Cam Taylor-Britt (DB, from CIN); Derrick Nnadi (DL, from KC); Juanyeh Thomas (DB, from DAL)",Zaire Franklin (LB -> GB); Nick Cross (DB -> WAS); Michael Pittman (WR -> PIT); Kwity Paye (DL -> LV); Neville Gallimore (DL -> CHI); Samson Ebukam (DL -> ATL),8,R2.53 CJ Allen (LB); R3.78 A.J. Haulcy (S); R4.113 Jalen Farmer (G); R4.135 Bryce Boettcher (LB); R5.156 George Gumbs Jr. (DE); R6.214 Caden Curry (DE); R7.237 Seth McGowan (RB); R7.254 Deion Burks (WR),,FALSE,FALSE,FALSE,Unknown - needs coordinators.csv,Unknown - needs coordinators.csv
JAX,Liam Coen,Liam Coen,Trevor Lawrence,18,Trevor Lawrence (18),Trevor Lawrence,Nick Mullens,Grant Udinski,Liam Coen,"Ruke Orhorhoro (DL, from ATL); Chris Rodriguez Jr. (RB, from WAS)",Andrew Wingard (DB -> ARI); Greg Newsome II (DB -> NYG); Devin Lloyd (LB -> CAR); Travis Etienne (RB -> NO); Johnny Mundt (TE -> PHI); Dyami Brown (WR -> WAS); Tim Patrick (WR -> NYJ); Maason Smith (DL -> ATL),10,R2.56 Nate Boerkircher (TE); R3.81 Albert Regis (DT); R3.88 Emmanuel Pregnon (G); R3.100 Jalen Huskey (S); R4.119 Wesley Williams (DE); R5.164 Tanner Koziol (TE); R6.191 Josh Cameron (WR); R6.203 CJ Williams (WR); R7.233 Zach Durfee (DE); R7.240 Parker Hughes (LB),R2 Nate Boerkircher (TE),FALSE,FALSE,FALSE,Unknown - needs coordinators.csv,Unknown - needs coordinators.csv
KC,Andy Reid,Andy Reid,Patrick Mahomes,14,"Chris Oladokun (2), Gardner Minshew (1), Patrick Mahomes (14)",Patrick Mahomes,Justin Fields,Matt Nagy,Andy Reid,"Alohi Gilman (DB, from BAL); Kenneth Walker III (RB, from SEA); Kaiir Elam (DB, from TEN); Justin Fields (QB, from NYJ); Khyiris Tonga (DL, from NE); L'Jarius Sneed (DB, from TEN); Emari Demercado (RB, from ARI)",Jaylen Watson (DB -> LA); Bryan Cook (DB -> CIN); Trent McDuffie (DB -> LA); JuJu Smith-Schuster (WR -> NYG); Charles Omenihu (DL -> WAS); Marquise Brown (WR -> PHI); Leo Chenal (LB -> WAS); Isiah Pacheco (RB -> DET); Michael Danna (DL -> BUF); Jerry Tillery (DL -> IND); Derrick Nnadi (DL -> IND),7,R1.6 Mansoor Delane (CB); R1.29 Peter Woods (DT); R2.40 R Mason Thomas (DE); R4.109 Jadon Canady (CB); R5.161 Emmett Johnson (RB); R5.176 Cyrus Allen (WR); R7.249 Garrett Nussmeier (QB),,FALSE,FALSE,FALSE,Unknown - needs coordinators.csv,Unknown - needs coordinators.csv
LA,Sean McVay,Sean McVay,Matthew Stafford,20,Matthew Stafford (20),Matthew Stafford,Ty Simpson,Mike LaFleur,Sean McVay,"Myles Garrett (DL, from CLE); Jaylen Watson (DB, from KC); Trent McDuffie (DB, from KC)",Jared Verse (LB -> CLE); Cobie Durant (DB -> DAL); Roger McCreary (DB -> DET),5,R1.13 Ty Simpson (QB); R2.61 Max Klare (TE); R3.93 Keagen Trost (OL); R6.197 CJ Daniels (WR); R7.232 Tim Keenan III (DT),R1 Ty Simpson (QB); R2 Max Klare (TE),FALSE,FALSE,FALSE,Unknown - needs coordinators.csv,Unknown - needs coordinators.csv
LAC,Jim Harbaugh,Jim Harbaugh,Justin Herbert,17,"Justin Herbert (17), Trey Lance (1)",Justin Herbert,Trey Lance,Greg Roman,Greg Roman,"Dalvin Tomlinson (DL, from ARI); David Njoku (TE, from CLE); Charlie Kolar (TE, from BAL); Alec Ingold (RB, from MIA)",Odafe Oweh (LB -> WAS); Da'Shawn Hand (DL -> ATL); Benjamin St-Juste (DB -> GB),8,R1.22 Akheem Mesidor (DE); R2.63 Jake Slaughter (C); R4.105 Brenen Thompson (WR); R4.117 Travis Burke (OT); R4.131 Genesis Smith (S); R5.145 Nick Barrett (DT); R6.202 Logan Taylor (G); R6.206 Alex Harkey (OT),,FALSE,FALSE,FALSE,Unknown - needs coordinators.csv,Unknown - needs coordinators.csv
LV,Pete Carroll,Klint Kubliak,Geno Smith,15,"Geno Smith (15), Kenny Pickett (2)",Kirk Cousins,Fernando Mendoza,Greg Olson,Greg Olson,"Quay Walker (LB, from GB); Kwity Paye (DL, from IND); Taron Johnson (DB, from BUF); Jalen Nailor (WR, from MIN); Kirk Cousins (QB, from ATL); Nakobe Dean (LB, from PHI); Benito Jones (DL, from MIA)",Geno Smith (QB -> NYJ); Tyree Wilson (DL -> NO); Lonnie Johnson (DB -> MIA),10,R1.1 Fernando Mendoza (QB); R2.38 Treydan Stukes (CB); R3.67 Keyron Crawford (DE); R3.91 Trey Zuhn III (OT); R4.101 Jermod McCoy (CB); R4.122 Mike Washington Jr. (RB); R5.150 Dalton Johnson (S); R5.175 Hezekiah Masses (CB); R6.195 Malik Benson (WR); R7.229 Brandon Cleveland (DT),R1 Fernando Mendoza (QB),TRUE,TRUE,FALSE,Change likely (new HC),Change likely (new HC)
MIA,Mike McDaniel,Jeff Hafley,Tua Tagovailoa,14,"Quinn Ewers (3), Tua Tagovailoa (14)",Malik Willis,Quinn Ewers,Frank Smith,Mike McDaniel,"Darrell Baker Jr. (DB, from TEN); Jalen Tolbert (WR, from DAL); Lonnie Johnson (DB, from LV); Ronnie Harrison (LB, from ATL); Joshua Uche (LB, from PHI); Tutu Atwell (WR, from LA); David Ojabo (LB, from BAL)",Jack Jones (DB -> SF); Minkah Fitzpatrick (DB -> NYJ); Tua Tagovailoa (QB -> ATL); Bradley Chubb (LB -> BUF); Jaylen Waddle (WR -> DEN); Ashtyn Davis (DB -> SF); Julian Hill (TE -> NE); Nick Westbrook-Ikhine (WR -> IND); Alec Ingold (RB -> LAC),13,R1.12 Kadyn Proctor (OT); R1.27 Chris Johnson (CB); R2.43 Jacob Rodriguez (LB); R3.75 Caleb Douglas (WR); R3.87 Will Kacmarek (TE); R3.94 Chris Bell (WR); R4.130 Trey Moore (LB); R4.138 Kyle Louis (LB); R5.158 Michael Taaffe (S); R5.177 Kevin Coleman Jr. (WR); R5.180 Seydou Traore (TE); R6.200 DJ Campbell (G); R7.238 Max Llewellyn (DE),R3 Caleb Douglas (WR); R3 Will Kacmarek (TE); R3 Chris Bell (WR),TRUE,TRUE,FALSE,Change likely (new HC),Change likely (new HC)
MIN,Kevin O'Connell,Kevin O'Connell,J.J. McCarthy,10,"Carson Wentz (5), J.J. McCarthy (10), Max Brosmer (2)",Kyler Murray,J.J. McCarthy,Wes Phillips,Kevin O'Connell,"Jauan Jennings (WR, from SF); James Pierre (DB, from PIT); Kyler Murray (QB, from ARI)",Jonathan Allen (DL -> CIN); Jalen Nailor (WR -> LV); Jonathan Greenard (LB -> PHI); Javon Hargrave (DL -> GB),9,R1.18 Caleb Banks (DT); R2.51 Jake Golday (LB); R3.82 Domonique Orange (DT); R3.97 Caleb Tiernan (OT); R3.98 Jakobe Thomas (S); R5.159 Max Bredeson (TE); R5.163 Charles Demmings (CB); R6.198 Demond Claiborne (RB); R7.235 Gavin Gerhardt (OL),,FALSE,TRUE,FALSE,Unknown - needs coordinators.csv,Unknown - needs coordinators.csv
NE,Mike Vrabel,Mike Vrabel,Drake Maye,21,Drake Maye (21),Drake Maye,Tommy DeVito,Josh McDaniels,Josh McDaniels,"Kevin Byard (DB, from CHI); A.J. Brown (WR, from PHI); Romeo Doubs (WR, from GB); Dre'Mont Jones (LB, from BAL); Julian Hill (TE, from MIA); Reggie Gilliam (RB, from BUF); Kindle Vildor (DB, from TB)",Jaylinn Hawkins (DB -> BAL); K'Lavon Chaisson (LB -> WAS); Austin Hooper (TE -> ATL); Jack Gibbens (LB -> ARI); Khyiris Tonga (DL -> KC); Anfernee Jennings (LB -> NO),9,R1.28 Caleb Lomu (OT); R2.55 Gabe Jacas (DE); R3.95 Eli Raridon (TE); R5.171 Karon Prunty (DB); R6.196 Dametrious Crownover (OT); R6.212 Namdi Obiazor (LB); R7.234 Behren Morton (QB); R7.245 Jam Miller (RB); R7.247 Quintayvious Hutchins (DE),R3 Eli Raridon (TE),FALSE,FALSE,FALSE,Unknown - needs coordinators.csv,Unknown - needs coordinators.csv
NO,Kellen Moore,Kellen Moore,Tyler Shough,9,"Spencer Rattler (8), Tyler Shough (9)",Tyler Shough,Spencer Rattler,Doug Nussmeier,Kellen Moore,"Kaden Elliss (LB, from ATL); Travis Etienne (RB, from JAX); Tyree Wilson (DL, from LV); Anfernee Jennings (LB, from NE); Noah Fant (TE, from CIN)",Demario Davis (LB -> NYJ); Alontae Taylor (DB -> TEN); Jonah Williams (DL -> ARI); Jonathan Bullard (DL -> DAL),8,R1.8 Jordyn Tyson (WR); R2.42 Christen Miller (DT); R3.73 Oscar Delp (TE); R4.132 Jeremiah Wright (G); R4.136 Bryce Lance (WR); R5.172 Lorenzo Styles Jr. (S); R6.190 Barion Brown (WR); R7.219 TJ Hall (CB),R1 Jordyn Tyson (WR); R3 Oscar Delp (TE),FALSE,FALSE,FALSE,Unknown - needs coordinators.csv,Unknown - needs coordinators.csv
NYG,Brian Daboll,John Harbaugh,Jaxson Dart,12,"Jameis Winston (2), Jaxson Dart (12), Russell Wilson (3)",Jaxson Dart,Jameis Winston,Tim Kelly,Mike Kafka,"Tremaine Edmunds (LB, from CHI); Greg Newsome II (DB, from JAX); Darnell Mooney (WR, from ATL); JuJu Smith-Schuster (WR, from KC); DJ Reader (DL, from DET); Shelby Harris (DL, from CLE); Jason Pinnock (DB, from SF); Isaiah Likely (TE, from BAL); Calvin Austin III (WR, from PIT); Patrick Ricard (RB, from BAL); Leki Fotu (DL, from HOU)",Wan'Dale Robinson (WR -> TEN); Cordale Flott (DB -> TEN); Dexter Lawrence (DL -> CIN); Dane Belton (DB -> NYJ); Daniel Bellinger (TE -> TEN),7,R1.5 Arvell Reese (LB); R1.10 Francis Mauigoa (OT); R2.37 Colton Hood (CB); R3.74 Malachi Fields (WR); R6.186 Bobby Jamison-Travis (DL); R6.192 J.C. Davis (OT); R6.193 Jack Kelly (LB),R3 Malachi Fields (WR),TRUE,FALSE,FALSE,Change likely (new HC),Change likely (new HC)
NYJ,Aaron Glenn,Aaron Glenn,Tyrod Taylor,8,"Brady Cook (2), Justin Fields (7), Tyrod Taylor (8)",Geno Smith,Cade Klubnik,Tanner Engstrand,Tanner Engstrand,"Nahshon Wright (DB, from CHI); Demario Davis (LB, from NO); Geno Smith (QB, from LV); Minkah Fitzpatrick (DB, from MIA); Dane Belton (DB, from NYG); David Onyemata (DL, from ATL); Joseph Ossai (DL, from CIN); Kingsley Enagbare (DL, from GB); T'Vondre Sweat (DL, from TEN); Tim Patrick (WR, from JAX)",Quincy Williams (LB -> CLE); Jermaine Johnson II (LB -> TEN); Micheal Clemons (DL -> IND); Justin Fields (QB -> KC); Tony Adams (DB -> TEN); John Metchie III (WR -> CAR); Isaiah Oliver (DB -> ARI),8,R1.2 David Bailey (OLB); R1.16 Kenyon Sadiq (TE); R1.30 Omar Cooper Jr. (WR); R2.50 D'Angelo Ponds (CB); R4.103 Darrell Jackson Jr. (DT); R4.110 Cade Klubnik (QB); R6.188 Anez Cooper (G); R7.228 VJ Payne (S),R1 Kenyon Sadiq (TE); R1 Omar Cooper Jr. (WR),FALSE,TRUE,FALSE,Unknown - needs coordinators.csv,Unknown - needs coordinators.csv
PHI,Nick Sirianni,Nick Sirianni,Jalen Hurts,17,"Jalen Hurts (17), Tanner McKee (1)",Jalen Hurts,Andy Dalton,Kevin Patullo,Kevin Patullo,"Riq Woolen (DB, from SEA); Jonathan Greenard (LB, from MIN); Marquise Brown (WR, from KC); Jonathan Jones (DB, from WAS); Dontayvion Wicks (WR, from GB); Johnny Mundt (TE, from JAX); Arnold Ebiketie (LB, from ATL); Elijah Moore (WR, from DEN)",Reed Blankenship (DB -> HOU); A.J. Brown (WR -> NE); Jaelan Phillips (LB -> CAR); Jahan Dotson (WR -> ATL); Nakobe Dean (LB -> LV),8,R1.20 Makai Lemon (WR); R2.54 Eli Stowers (TE); R3.68 Markel Bell (OT); R5.178 Cole Payton (QB); R6.207 Micah Morris (G); R7.244 Cole Wisniewski (S); R7.251 Uar Bernard (DT); R7.252 Keyshawn James-Newby (DE),R1 Makai Lemon (WR); R2 Eli Stowers (TE),FALSE,FALSE,FALSE,Unknown - needs coordinators.csv,Unknown - needs coordinators.csv
PIT,Mike Tomlin,Mike McCarthy,Aaron Rodgers,17,"Aaron Rodgers (17), Mason Rudolph (1)",Aaron Rodgers,Mason Rudolph,Arthur Smith,Arthur Smith,"Jaquan Brisker (DB, from CHI); Michael Pittman (WR, from IND); Jamel Dean (DB, from TB); Rico Dowdle (RB, from CAR); Sebastian Joseph-Day (DL, from TEN); Darnell Savage (DB, from BUF)",Kyle Dugger (DB -> CIN); Kenneth Gainwell (RB -> TB); Calvin Austin III (WR -> NYG); Chuck Clark (DB -> DET); James Pierre (DB -> MIN); Marquez Valdes-Scantling (WR -> DAL),10,R1.21 Max Iheanachor (OT); R2.47 Germie Bernard (WR); R3.76 Drew Allar (QB); R3.85 Daylen Everette (CB); R3.96 Gennings Dunker (OT); R4.121 Kaden Wetjen (WR); R5.169 Riley Nowakowski (TE); R6.210 Gabriel Rubio (DL); R7.224 Robert Spears-Jennings (S); R7.230 Eli Heidenreich (FB),R2 Germie Bernard (WR); R3 Drew Allar (QB),TRUE,FALSE,FALSE,Change likely (new HC),Change likely (new HC)
SEA,Mike Macdonald,Mike Macdonald,Sam Darnold,20,Sam Darnold (20),Sam Darnold,Drew Lock,Klint Kubiak,Klint Kubiak,"Noah Igbinoghene (DB, from WAS); Dante Fowler Jr. (DL, from DAL); Emanuel Wilson (RB, from GB); Harrison Bryant (TE, from HOU); Rodney Thomas (DB, from IND)",Coby Bryant (DB -> CHI); Riq Woolen (DB -> PHI); Boye Mafe (LB -> CIN); Kenneth Walker III (RB -> KC),8,R1.32 Jadarian Price (RB); R2.64 Bud Clark (S); R3.99 Julian Neal (CB); R5.148 Beau Stephens (G); R6.199 Emmanuel Henderson Jr. (WR); R7.236 Andre Fuller (CB); R7.242 Deven Eastern (DT); R7.255 Michael Dansby (DB),R1 Jadarian Price (RB),FALSE,FALSE,TRUE,CHANGED (2025 OC/PC took an HC job),Unknown - needs coordinators.csv
SF,Kyle Shanahan,Kyle Shanahan,Brock Purdy,11,"Brock Purdy (11), Mac Jones (8)",Brock Purdy,Mac Jones,Klay Kubiak,Kyle Shanahan,"Jack Jones (DB, from MIA); Ashtyn Davis (DB, from MIA); Osa Odighizuwa (DL, from DAL); Christian Kirk (WR, from HOU); Dre Greenlaw (LB, from DEN); Nate Hobbs (DB, from GB); Mike Evans (WR, from TB); Cameron Sample (DL, from CIN)",Dee Winters (LB -> DAL); Jauan Jennings (WR -> MIN); Kendrick Bourne (WR -> ARI); Kalia Davis (DL -> CLE); Jordan Elliott (DL -> TEN); Jason Pinnock (DB -> NYG),8,R2.33 De'Zhaun Stribling (WR); R3.70 Romello Height (DE); R3.90 Kaelon Black (RB); R4.107 Gracen Halton (DT); R4.127 Carver Willis (OL); R4.139 Ephesians Prysock (CB); R5.154 Jaden Dugger (OLB); R5.179 Enrique Cruz Jr. (OL),R2 De'Zhaun Stribling (WR); R3 Kaelon Black (RB),FALSE,FALSE,FALSE,Unknown - needs coordinators.csv,Unknown - needs coordinators.csv
TB,Todd Bowles,Todd Bowles,Baker Mayfield,17,Baker Mayfield (17),Baker Mayfield,Jake Browning,Josh Grizzard,Josh Grizzard,"Alex Anzalone (LB, from DET); Christian Rozeboom (LB, from CAR); A'Shawn Robinson (DL, from CAR); David Sills (WR, from ATL); Kenneth Gainwell (RB, from PIT); Al-Quadin Muhammad (DL, from DET); Rakeem Nunez-Roches (DL, from NYG); Jake Browning (QB, from CIN)",Jamel Dean (DB -> PIT); Logan Hall (DL -> HOU); Rachaad White (RB -> WAS); Mike Evans (WR -> SF),7,R1.15 Rueben Bain Jr. (DE); R2.46 Josiah Trotter (LB); R3.84 Ted Hurst (WR); R4.116 Keionte Scott (CB); R5.155 DeMonte Capehart (DT); R5.160 Billy Schrauth (G); R6.185 Bauer Sharp (TE),R3 Ted Hurst (WR),FALSE,FALSE,FALSE,Unknown - needs coordinators.csv,Unknown - needs coordinators.csv
TEN,Brian Callahan,Robert Saleh,Cam Ward,17,Cam Ward (17),Cam Ward,Mitchell Trubisky,Nick Holz,Bo Hardegree,"Alontae Taylor (DB, from NO); Wan'Dale Robinson (WR, from NYG); Cordale Flott (DB, from NYG); Jacob Martin (DL, from WAS); Jermaine Johnson II (LB, from NYJ); John Franklin-Myers (DL, from DEN); Daniel Bellinger (TE, from NYG); Jordan Elliott (DL, from SF); Tony Adams (DB, from NYJ); Solomon Thomas (DL, from DAL); Michael Carter (RB, from ARI); Mohamoud Diabate (LB, from CLE); Kylen Granson (TE, from PHI)",Darrell Baker Jr. (DB -> MIA); Chig Okonkwo (TE -> WAS); Van Jefferson (WR -> WAS); Kaiir Elam (DB -> KC); Sebastian Joseph-Day (DL -> PIT); Arden Key (DL -> IND); T'Vondre Sweat (DL -> NYJ); L'Jarius Sneed (DB -> KC); James Lynch (DL -> CHI),8,R1.4 Carnell Tate (WR); R1.31 Keldric Faulk (DE); R2.60 Anthony Hill Jr. (LB); R5.142 Fernando Carmona (G); R5.165 Nicholas Singleton (RB); R6.184 Jackie Marshall (DE); R6.194 Pat Coogan (C); R7.225 Jaren Kanak (TE),R1 Carnell Tate (WR),TRUE,FALSE,FALSE,Change likely (new HC),Change likely (new HC)
WAS,Dan Quinn,Dan Quinn,Jayden Daniels,8,"Jayden Daniels (8), Josh Johnson (2), Marcus Mariota (7)",Jayden Daniels,Marcus Mariota,Kliff Kingsbury,Kliff Kingsbury,"Nick Cross (DB, from IND); Amik Robertson (DB, from DET); K'Lavon Chaisson (LB, from NE); Chig Okonkwo (TE, from TEN); Van Jefferson (WR, from TEN); Rachaad White (RB, from TB); Charles Omenihu (DL, from KC); Odafe Oweh (LB, from LAC); Leo Chenal (LB, from KC); Tim Settle (DL, from HOU); Dyami Brown (WR, from JAX); Jerome Ford (RB, from CLE); DJ Davidson (DL, from NYG); Anthony Firkser (TE, from DET); Ahkello Witherspoon (DB, from LA)",Jacob Martin (DL -> TEN); Jonathan Jones (DB -> PHI); Noah Igbinoghene (DB -> SEA),6,R1.7 Sonny Styles (LB); R3.71 Antonio Williams (WR); R5.147 Joshua Josephs (DE); R6.187 Kaytron Allen (RB); R6.209 Matt Gulbin (OL); R7.223 Athan Kaliakmanis (QB),R3 Antonio Williams (WR),FALSE,FALSE,FALSE,Unknown - needs coordinators.csv,Unknown - needs coordinators.csv
