team_spread,q1_trail_big,q2_trail,q3_lead,q4_lead_big,eff_n
-21,0.683768940300474,0.2210205974409955,0.07621970021729231,0.01899076204123821,13.171483435727025
-20.5,0.668597553850482,0.21420854821775306,0.08945576476089338,0.02773813317087144,16.26380505152712
-20,0.6444823781959766,0.2150168828436499,0.10272505669194322,0.037775682268430144,21.92810720205607
-19.5,0.616734512553467,0.2227243069385382,0.11322357223959763,0.04731760826839719,31.985420041050777
-19,0.5915455427469951,0.23473620047039534,0.11929472408914459,0.05442353269346486,46.29649047524577
-18.5,0.5722700532337573,0.24744197271352295,0.12186541743292946,0.058422556619790234,61.176838620038424
-18,0.5580194865821746,0.25841641134800847,0.12348510205850258,0.06007900001131431,75.67377356941167
-17.5,0.5458915476029298,0.26707394854654554,0.12641226107699596,0.06062224277352864,94.10476016964347
-17,0.5335028557130511,0.2738348155295193,0.13165387931103134,0.061008449446398064,121.8246307550624
-16.5,0.5200876500909533,0.27925736913470445,0.138903494235066,0.06175148653927631,162.42065464409802
-16,0.5063798898128511,0.28367073844365104,0.14694437051924586,0.06300500122425186,213.31789305967305
-15.5,0.4937307841470164,0.2871826485068724,0.15437452878405095,0.06471203856206027,263.08438949856253
-15,0.483103722923859,0.2898168645669164,0.16030640252302125,0.06677300998620331,301.93979683269265
-14.5,0.4746002586675239,0.2915972496220835,0.1646287661062707,0.06917372560412195,333.33672596084705
-14,0.46758346957124564,0.2925408569107597,0.16784871152769615,0.07202696199029857,369.27537378474204
-13.5,0.4610377696322303,0.2926315642698546,0.17080863741503913,0.07552202868287591,423.22416887769094
-13,0.4539547833116254,0.29185820024952,0.1744014915305478,0.07978552490830673,507.1888660964283
-12.5,0.4457670818827234,0.29033848670536233,0.17919859596076007,0.08469583545115415,621.228762663419
-12,0.4366822056306792,0.28841231791465194,0.18507702778085075,0.08982844867381806,735.5278756259304
-11.5,0.42750220309821285,0.28652765703532446,0.1912752380266742,0.09469490183978832,813.8758352533547
-11,0.41898304153343546,0.2849927979862053,0.19696322760555754,0.09906093287480162,868.2350324648299
-10.5,0.4114179774219483,0.2838734670506154,0.20172117365620618,0.1029873818712301,940.3915750226488
-10,0.4047183447959169,0.2830876596028466,0.2055597910300117,0.10663420457122477,1063.9805647627318
-9.5,0.39865674955624397,0.28254185780680413,0.20871639038743584,0.11008500224951612,1254.7543213768904
-9,0.39298710163144157,0.28220900584606595,0.21148595738121687,0.1133179351412756,1490.2210125774782
-8.5,0.3874144795640347,0.28213340204153664,0.21413974605122812,0.11631237234320049,1695.4596369477445
-8,0.3815154386682835,0.28238127362897575,0.21691340727753508,0.11918988042520563,1817.6316182331157
-7.5,0.374706931522382,0.28298156319159246,0.2200449099572952,0.12226659532873041,1898.7493948604429
-7,0.366296190422622,0.2838882872593843,0.22381483174799138,0.12600069057000232,2016.061480259773
-6.5,0.3556464671809679,0.2849530142493677,0.22851502603442642,0.13088549253523796,2223.9403412973506
-6,0.3425392683918298,0.2859054226993079,0.23428615062969818,0.13726915827916403,2542.8200596019688
-5.5,0.32763914238039177,0.28640053922216036,0.24087391139129288,0.14508640700615502,2924.6509570020826
-5,0.31254224216668597,0.2861797187905595,0.24756468578925198,0.15371335325350258,3222.9597786315826
-4.5,0.29899891090211933,0.2852296098325878,0.2535287391552757,0.16224274011001705,3318.343276134457
-4,0.2879426153478372,0.2837518267556205,0.2582975246727839,0.17000803322375838,3263.963917805755
-3.5,0.27927805871133377,0.28198144161010624,0.2619005147144032,0.1768399849641567,3178.7243511108186
-3,0.27233802858727585,0.2800456808355836,0.26466825278503053,0.18294803779211002,3121.2188268040286
-2.5,0.2663533621617606,0.2779268327689622,0.2670095838629629,0.18871022120631425,3087.569661174694
-2,0.2606508066828836,0.275471111786443,0.2693140264792778,0.19456405505139557,3044.2989150294243
-1.5,0.25465191505854146,0.2723988295326739,0.27195352049158683,0.20099573491719788,2968.727557699651
-1,0.24783181661780995,0.26835107632583916,0.275299575308357,0.20851753174799384,2887.8742447478385
-0.5,0.2398268304274861,0.26309953069070696,0.27962888001075387,0.21744475887105302,2851.480880649357
0,0.23079204458159186,0.256950195205447,0.2848364050090822,0.22742135520387896,2849.7366110560633
0.5,0.2215780826521794,0.2508434450795904,0.2902741555507847,0.23730431671744545,2850.2373512278264
1,0.21314080636739124,0.24567482979328084,0.29518393924760555,0.24600042459172233,2887.603988348676
1.5,0.20584346369580034,0.24166290386180142,0.2992455981397984,0.25324803430259984,2970.4415655729313
2,0.1994924675719897,0.23850126741980526,0.30256586507947314,0.2594403999287318,3047.2923546023153
2.5,0.1936922361206868,0.23574342257866657,0.3053942490221003,0.2651700922785463,3090.8164757439545
3,0.1880280420915424,0.2329597683729763,0.3079528693619853,0.2710593201734961,3124.621600497815
3.5,0.1820961156549283,0.22973928363451682,0.31038503662092704,0.27777956408962784,3183.3857192666096
4,0.17552598265346883,0.22569575622359286,0.31273259815248444,0.2860456629704538,3271.5507131944473
4.5,0.1680888078058892,0.2205756325570021,0.31490941959214486,0.2964261400449639,3329.457094165916
5,0.15989763827172276,0.2144767484980775,0.3167033566615248,0.30892225656867484,3235.7150553793845
5.5,0.15152654836907553,0.2079953459083606,0.3178685384207268,0.32260956730183704,2937.0213126086774
6,0.1437838935934536,0.20200730178280227,0.318286321754837,0.33592248286890714,2555.01900616205
6.5,0.13722850787139879,0.1971628430394291,0.3180406638182202,0.3475679852709519,2236.0904489396007
7,0.13190012362179424,0.19360473022526925,0.3173354091916906,0.3571597369612458,2026.9965255820457
7.5,0.12743316476524474,0.19110273920576298,0.31638634895646073,0.36507774707253143,1907.106200466054
8,0.12330330290259034,0.18930959116520626,0.31540374035365715,0.3719833655785461,1823.3374162123707
8.5,0.11903287869141861,0.18789282471079313,0.3146254884427145,0.37844880815507365,1699.917093435114
9,0.1143592996460394,0.18653803476655104,0.31429821600356855,0.384804449583841,1493.0851427233345
9.5,0.10932215140338264,0.18491229498028314,0.31457520051472304,0.39119035310161115,1253.086129619588
10,0.1041631775254619,0.18264926898241324,0.3154320440670759,0.3977555094250489,1056.4288508568113
10.5,0.09909871528343271,0.17936499541856288,0.3167015991681561,0.4048346901298483,928.0996618140779
11,0.09417711849864453,0.17472382249593474,0.3181720412033238,0.4129270178020968,853.6018240622343
11.5,0.08932659327152001,0.16862904792645053,0.319630656909028,0.42241370189300137,799.9333275519186
12,0.08452899571991927,0.1615308971718209,0.320841754878945,0.43309835222931486,724.170748101825
12.5,0.07995111678193025,0.15451076030481545,0.32155506457950367,0.4439830583337507,611.2994360778133
13,0.07584846580258217,0.14871078029901033,0.32160664478930767,0.4538341091090998,497.1638436343086
13.5,0.07230695978002323,0.14449758569625576,0.3210034094081093,0.46219204511561174,413.05938846692277
14,0.06913243943251521,0.1412825130345918,0.31986423059845986,0.469720816934433,359.4708734869325
14.5,0.06597658179024377,0.13801186901562337,0.3182855324040571,0.4777260167900757,324.6510018548992
15,0.06253387579954185,0.13371033078006564,0.31625332285036406,0.4875024705700284,295.44233866527475
15.5,0.05870895946216217,0.1278695298550769,0.31362843116843475,0.4997930795143261,259.2876444505589
16,0.05472824269576754,0.12076310629583202,0.31018765344745447,0.5143209975609458,210.89614191937707
16.5,0.05110794288200002,0.11355672501914846,0.3056923490463248,0.5296429830525267,159.53766959565664
17,0.04838416986755317,0.10789624524677421,0.29991735359616867,0.5438022312895039,118.21054271384041
17.5,0.046712843984530614,0.10502182948032938,0.29258717988252775,0.5556781466526123,90.41120807630755
18,0.04561455959579723,0.1049735677155071,0.28332598091957834,0.5660858917691173,72.46107877152772
18.5,0.04401224496587329,0.10628651541064144,0.27190566695719937,0.5777955726662858,58.77795628633402
19,0.04060865708644043,0.10622948166119664,0.2589875069366268,0.5941743543157362,44.858477762016356
19.5,0.03469639784265269,0.1019586856737585,0.24685180953855265,0.6164931069450362,31.327065839237903
20,0.026953585994177694,0.092583673437026,0.23872626143582415,0.641736479132972,21.679808233685293
20.5,0.019093681355379467,0.08013281748179686,0.23667910706381987,0.6640943940990037,16.177677329441977
21,0.012544571404916039,0.06802595782106992,0.24077156709943615,0.6786579036745779,13.14282472936297
