season,week,player_name,market,line,over_odds,under_odds,sportsbook,recorded_at
2026,1,Joe Flacco,anytime_td,NA,NA,NA,NA,2026-07-15 20:53:46
2026,1,Matthew Stafford,anytime_td,NA,NA,NA,NA,2026-07-15 20:53:46
2026,1,Andy Dalton,anytime_td,NA,NA,NA,NA,2026-07-15 20:53:46
2026,1,Aaron Rodgers,anytime_td,NA,NA,NA,NA,2026-07-15 20:53:46
2026,1,Geno Smith,anytime_td,NA,NA,NA,NA,2026-07-15 20:53:46
2026,1,Keenan Allen,anytime_td,NA,NA,NA,NA,2026-07-15 20:53:46
2026,1,Zach Ertz,anytime_td,NA,NA,NA,NA,2026-07-15 20:53:46
2026,1,DeAndre Hopkins,anytime_td,NA,NA,NA,NA,2026-07-15 20:53:46
2026,1,Kyle Juszczyk,anytime_td,NA,NA,NA,NA,2026-07-15 20:53:46
2026,1,Travis Kelce,anytime_td,NA,NA,NA,NA,2026-07-15 20:53:46
2026,1,Davante Adams,anytime_td,NA,NA,NA,NA,2026-07-15 20:53:46
2026,1,Ameer Abdullah,anytime_td,NA,NA,NA,NA,2026-07-15 20:53:46
2026,1,Marcus Mariota,anytime_td,NA,NA,NA,NA,2026-07-15 20:53:46
2026,1,Stefon Diggs,anytime_td,NA,NA,NA,NA,2026-07-15 20:53:46
2026,1,Raheem Mostert,anytime_td,NA,NA,NA,NA,2026-07-15 20:53:46
2026,1,Chris Moore,anytime_td,NA,NA,NA,NA,2026-07-15 20:53:46
2026,1,Carson Wentz,anytime_td,NA,NA,NA,NA,2026-07-15 20:53:46
2026,1,Dak Prescott,anytime_td,NA,NA,NA,NA,2026-07-15 20:53:46
2026,1,Jacoby Brissett,anytime_td,NA,NA,NA,NA,2026-07-15 20:53:46
2026,1,Sterling Shepard,anytime_td,NA,NA,NA,NA,2026-07-15 20:53:46
2026,1,Jared Goff,anytime_td,NA,NA,NA,NA,2026-07-15 20:53:46
2026,1,Hunter Henry,anytime_td,NA,NA,NA,NA,2026-07-15 20:53:46
2026,1,Tyler Higbee,anytime_td,NA,NA,NA,NA,2026-07-15 20:53:46
2026,1,Austin Hooper,anytime_td,NA,NA,NA,NA,2026-07-15 20:53:46
2026,1,Demarcus Robinson,anytime_td,NA,NA,NA,NA,2026-07-15 20:53:46
2026,1,Derrick Henry,anytime_td,NA,NA,NA,NA,2026-07-15 20:53:46
2026,1,Kalif Raymond,anytime_td,NA,NA,NA,NA,2026-07-15 20:53:46
2026,1,Evan Engram,anytime_td,NA,NA,NA,NA,2026-07-15 20:53:46
2026,1,Zay Jones,anytime_td,NA,NA,NA,NA,2026-07-15 20:53:46
2026,1,Cooper Kupp,anytime_td,NA,NA,NA,NA,2026-07-15 20:53:46
2026,1,Kareem Hunt,anytime_td,NA,NA,NA,NA,2026-07-15 20:53:46
2026,1,Jeremy McNichols,anytime_td,NA,NA,NA,NA,2026-07-15 20:53:46
2026,1,David Njoku,anytime_td,NA,NA,NA,NA,2026-07-15 20:53:46
2026,1,Christian McCaffrey,anytime_td,NA,NA,NA,NA,2026-07-15 20:53:46
2026,1,Alvin Kamara,anytime_td,NA,NA,NA,NA,2026-07-15 20:53:46
2026,1,Curtis Samuel,anytime_td,NA,NA,NA,NA,2026-07-15 20:53:46
2026,1,Aaron Jones,anytime_td,NA,NA,NA,NA,2026-07-15 20:53:46
2026,1,Patrick Mahomes,anytime_td,NA,NA,NA,NA,2026-07-15 20:53:46
2026,1,Samaje Perine,anytime_td,NA,NA,NA,NA,2026-07-15 20:53:46
2026,1,JuJu Smith-Schuster,anytime_td,NA,NA,NA,NA,2026-07-15 20:53:46
2026,1,Josh Reynolds,anytime_td,NA,NA,NA,NA,2026-07-15 20:53:46
2026,1,Jonnu Smith,anytime_td,NA,NA,NA,NA,2026-07-15 20:53:46
2026,1,Mack Hollins,anytime_td,NA,NA,NA,NA,2026-07-15 20:53:46
2026,1,George Kittle,anytime_td,NA,NA,NA,NA,2026-07-15 20:53:46
2026,1,Mo Alie-Cox,anytime_td,NA,NA,NA,NA,2026-07-15 20:53:46
2026,1,Johnny Mundt,anytime_td,NA,NA,NA,NA,2026-07-15 20:53:46
2026,1,Kendrick Bourne,anytime_td,NA,NA,NA,NA,2026-07-15 20:53:46
2026,1,Taysom Hill,anytime_td,NA,NA,NA,NA,2026-07-15 20:53:46
2026,1,Tim Patrick,anytime_td,NA,NA,NA,NA,2026-07-15 20:53:46
2026,1,Cooper Rush,anytime_td,NA,NA,NA,NA,2026-07-15 20:53:46
2026,1,Dare Ogunbowale,anytime_td,NA,NA,NA,NA,2026-07-15 20:53:46
2026,1,Christian Kirk,anytime_td,NA,NA,NA,NA,2026-07-15 20:53:46
2026,1,Allen Lazard,anytime_td,NA,NA,NA,NA,2026-07-15 20:53:46
2026,1,Baker Mayfield,anytime_td,NA,NA,NA,NA,2026-07-15 20:53:46
2026,1,DJ Moore,anytime_td,NA,NA,NA,NA,2026-07-15 20:53:46
2026,1,Dalton Schultz,anytime_td,NA,NA,NA,NA,2026-07-15 20:53:46
2026,1,Courtland Sutton,anytime_td,NA,NA,NA,NA,2026-07-15 20:53:46
2026,1,Ian Thomas,anytime_td,NA,NA,NA,NA,2026-07-15 20:53:46
2026,1,Cedrick Wilson Jr.,anytime_td,NA,NA,NA,NA,2026-07-15 20:53:46
2026,1,Josh Allen,anytime_td,NA,NA,NA,NA,2026-07-15 20:53:46
2026,1,Mark Andrews,anytime_td,NA,NA,NA,NA,2026-07-15 20:53:46
2026,1,Saquon Barkley,anytime_td,NA,NA,NA,NA,2026-07-15 20:53:46
2026,1,Braxton Berrios,anytime_td,NA,NA,NA,NA,2026-07-15 20:53:46
2026,1,Dallas Goedert,anytime_td,NA,NA,NA,NA,2026-07-15 20:53:46
2026,1,Nick Chubb,anytime_td,NA,NA,NA,NA,2026-07-15 20:53:46
2026,1,Sam Darnold,anytime_td,NA,NA,NA,NA,2026-07-15 20:53:46
2026,1,Will Dissly,anytime_td,NA,NA,NA,NA,2026-07-15 20:53:46
2026,1,Tanner Hudson,anytime_td,NA,NA,NA,NA,2026-07-15 20:53:46
2026,1,A.J. Brown,anytime_td,NA,NA,NA,NA,2026-07-15 20:53:46
2026,1,Alec Ingold,anytime_td,NA,NA,NA,NA,2026-07-15 20:53:46
2026,1,Ty Johnson,anytime_td,NA,NA,NA,NA,2026-07-15 20:53:46
2026,1,Daniel Jones,anytime_td,NA,NA,NA,NA,2026-07-15 20:53:46
2026,1,Foster Moreau,anytime_td,NA,NA,NA,NA,2026-07-15 20:53:46
2026,1,Josh Jacobs,anytime_td,NA,NA,NA,NA,2026-07-15 20:53:46
2026,1,T.J. Hockenson,anytime_td,NA,NA,NA,NA,2026-07-15 20:53:46
2026,1,Marquise Brown,anytime_td,NA,NA,NA,NA,2026-07-15 20:53:46
2026,1,Noah Fant,anytime_td,NA,NA,NA,NA,2026-07-15 20:53:46
2026,1,Justice Hill,anytime_td,NA,NA,NA,NA,2026-07-15 20:53:46
2026,1,David Montgomery,anytime_td,NA,NA,NA,NA,2026-07-15 20:53:46
2026,1,Andrew Beck,anytime_td,NA,NA,NA,NA,2026-07-15 20:53:46
2026,1,Greg Dortch,anytime_td,NA,NA,NA,NA,2026-07-15 20:53:46
2026,1,Dawson Knox,anytime_td,NA,NA,NA,NA,2026-07-15 20:53:46
2026,1,DK Metcalf,anytime_td,NA,NA,NA,NA,2026-07-15 20:53:46
2026,1,Josh Oliver,anytime_td,NA,NA,NA,NA,2026-07-15 20:53:46
2026,1,Tony Pollard,anytime_td,NA,NA,NA,NA,2026-07-15 20:53:46
2026,1,Deebo Samuel Sr.,anytime_td,NA,NA,NA,NA,2026-07-15 20:53:46
2026,1,David Sills,anytime_td,NA,NA,NA,NA,2026-07-15 20:53:46
2026,1,Devin Singletary,anytime_td,NA,NA,NA,NA,2026-07-15 20:53:46
2026,1,Darius Slayton,anytime_td,NA,NA,NA,NA,2026-07-15 20:53:46
2026,1,Olamide Zaccheaus,anytime_td,NA,NA,NA,NA,2026-07-15 20:53:46
2026,1,J.K. Dobbins,anytime_td,NA,NA,NA,NA,2026-07-15 20:53:46
2026,1,Tyler Huntley,anytime_td,NA,NA,NA,NA,2026-07-15 20:53:46
2026,1,Cole Kmet,anytime_td,NA,NA,NA,NA,2026-07-15 20:53:46
2026,1,Darnell Mooney,anytime_td,NA,NA,NA,NA,2026-07-15 20:53:46
2026,1,Tee Higgins,anytime_td,NA,NA,NA,NA,2026-07-15 20:53:46
2026,1,Harrison Bryant,anytime_td,NA,NA,NA,NA,2026-07-15 20:53:46
2026,1,CeeDee Lamb,anytime_td,NA,NA,NA,NA,2026-07-15 20:53:46
2026,1,Jerry Jeudy,anytime_td,NA,NA,NA,NA,2026-07-15 20:53:46
2026,1,D'Andre Swift,anytime_td,NA,NA,NA,NA,2026-07-15 20:53:46
2026,1,AJ Dillon,anytime_td,NA,NA,NA,NA,2026-07-15 20:53:46
2026,1,Jordan Love,anytime_td,NA,NA,NA,NA,2026-07-15 20:53:46
2026,1,Michael Pittman,anytime_td,NA,NA,NA,NA,2026-07-15 20:53:46
2026,1,Jonathan Taylor,anytime_td,NA,NA,NA,NA,2026-07-15 20:53:46
2026,1,Van Jefferson,anytime_td,NA,NA,NA,NA,2026-07-15 20:53:46
2026,1,Tua Tagovailoa,anytime_td,NA,NA,NA,NA,2026-07-15 20:53:46
2026,1,Justin Jefferson,anytime_td,NA,NA,NA,NA,2026-07-15 20:53:46
2026,1,Juwan Johnson,anytime_td,NA,NA,NA,NA,2026-07-15 20:53:46
2026,1,Jalen Hurts,anytime_td,NA,NA,NA,NA,2026-07-15 20:53:46
2026,1,Justin Herbert,anytime_td,NA,NA,NA,NA,2026-07-15 20:53:46
2026,1,Jauan Jennings,anytime_td,NA,NA,NA,NA,2026-07-15 20:53:46
2026,1,Colby Parkinson,anytime_td,NA,NA,NA,NA,2026-07-15 20:53:46
2026,1,Tyler Johnson,anytime_td,NA,NA,NA,NA,2026-07-15 20:53:46
2026,1,Rico Dowdle,anytime_td,NA,NA,NA,NA,2026-07-15 20:53:46
2026,1,Nick Westbrook-Ikhine,anytime_td,NA,NA,NA,NA,2026-07-15 20:53:46
2026,1,Kyle Pitts,anytime_td,NA,NA,NA,NA,2026-07-15 20:53:46
2026,1,Rashod Bateman,anytime_td,NA,NA,NA,NA,2026-07-15 20:53:46
2026,1,Chuba Hubbard,anytime_td,NA,NA,NA,NA,2026-07-15 20:53:46
2026,1,Tommy Tremble,anytime_td,NA,NA,NA,NA,2026-07-15 20:53:46
2026,1,Justin Fields,anytime_td,NA,NA,NA,NA,2026-07-15 20:53:46
2026,1,Ja'Marr Chase,anytime_td,NA,NA,NA,NA,2026-07-15 20:53:46
2026,1,Javonte Williams,anytime_td,NA,NA,NA,NA,2026-07-15 20:53:46
2026,1,Amon-Ra St. Brown,anytime_td,NA,NA,NA,NA,2026-07-15 20:53:46
2026,1,Nico Collins,anytime_td,NA,NA,NA,NA,2026-07-15 20:53:46
2026,1,Davis Mills,anytime_td,NA,NA,NA,NA,2026-07-15 20:53:46
2026,1,Travis Etienne,anytime_td,NA,NA,NA,NA,2026-07-15 20:53:46
2026,1,Luke Farrell,anytime_td,NA,NA,NA,NA,2026-07-15 20:53:46
2026,1,Trevor Lawrence,anytime_td,NA,NA,NA,NA,2026-07-15 20:53:46
2026,1,Noah Gray,anytime_td,NA,NA,NA,NA,2026-07-15 20:53:46
2026,1,Hunter Long,anytime_td,NA,NA,NA,NA,2026-07-15 20:53:46
2026,1,Jaylen Waddle,anytime_td,NA,NA,NA,NA,2026-07-15 20:53:46
2026,1,Mac Jones,anytime_td,NA,NA,NA,NA,2026-07-15 20:53:46
2026,1,Rhamondre Stevenson,anytime_td,NA,NA,NA,NA,2026-07-15 20:53:46
2026,1,Michael Carter,anytime_td,NA,NA,NA,NA,2026-07-15 20:53:46
2026,1,Elijah Moore,anytime_td,NA,NA,NA,NA,2026-07-15 20:53:46
2026,1,Kenneth Gainwell,anytime_td,NA,NA,NA,NA,2026-07-15 20:53:46
2026,1,DeVonta Smith,anytime_td,NA,NA,NA,NA,2026-07-15 20:53:46
2026,1,Pat Freiermuth,anytime_td,NA,NA,NA,NA,2026-07-15 20:53:46
2026,1,Josh Palmer,anytime_td,NA,NA,NA,NA,2026-07-15 20:53:46
2026,1,Dee Eskridge,anytime_td,NA,NA,NA,NA,2026-07-15 20:53:46
2026,1,John Bates,anytime_td,NA,NA,NA,NA,2026-07-15 20:53:46
2026,1,Dyami Brown,anytime_td,NA,NA,NA,NA,2026-07-15 20:53:46
2026,1,Adam Prentice,anytime_td,NA,NA,NA,NA,2026-07-15 20:53:46
2026,1,Jack Stoll,anytime_td,NA,NA,NA,NA,2026-07-15 20:53:46
2026,1,Jaret Patterson,anytime_td,NA,NA,NA,NA,2026-07-15 20:53:46
2026,1,Brock Wright,anytime_td,NA,NA,NA,NA,2026-07-15 20:53:46
2026,1,Tyler Allgeier,anytime_td,NA,NA,NA,NA,2026-07-15 20:53:46
2026,1,John FitzPatrick,anytime_td,NA,NA,NA,NA,2026-07-15 20:53:46
2026,1,Drake London,anytime_td,NA,NA,NA,NA,2026-07-15 20:53:46
2026,1,Tyler Badie,anytime_td,NA,NA,NA,NA,2026-07-15 20:53:46
2026,1,Charlie Kolar,anytime_td,NA,NA,NA,NA,2026-07-15 20:53:46
2026,1,Isaiah Likely,anytime_td,NA,NA,NA,NA,2026-07-15 20:53:46
2026,1,James Cook,anytime_td,NA,NA,NA,NA,2026-07-15 20:53:46
2026,1,Khalil Shakir,anytime_td,NA,NA,NA,NA,2026-07-15 20:53:46
2026,1,Jake Tonges,anytime_td,NA,NA,NA,NA,2026-07-15 20:53:46
2026,1,Jerome Ford,anytime_td,NA,NA,NA,NA,2026-07-15 20:53:46
2026,1,Jake Ferguson,anytime_td,NA,NA,NA,NA,2026-07-15 20:53:46
2026,1,Jalen Tolbert,anytime_td,NA,NA,NA,NA,2026-07-15 20:53:46
2026,1,Jameson Williams,anytime_td,NA,NA,NA,NA,2026-07-15 20:53:46
2026,1,Romeo Doubs,anytime_td,NA,NA,NA,NA,2026-07-15 20:53:46
2026,1,Tyler Goodson,anytime_td,NA,NA,NA,NA,2026-07-15 20:53:46
2026,1,Christian Watson,anytime_td,NA,NA,NA,NA,2026-07-15 20:53:46
2026,1,Hassan Haskins,anytime_td,NA,NA,NA,NA,2026-07-15 20:53:46
2026,1,Chig Okonkwo,anytime_td,NA,NA,NA,NA,2026-07-15 20:53:46
2026,1,Alec Pierce,anytime_td,NA,NA,NA,NA,2026-07-15 20:53:46
2026,1,Skyy Moore,anytime_td,NA,NA,NA,NA,2026-07-15 20:53:46
2026,1,Isiah Pacheco,anytime_td,NA,NA,NA,NA,2026-07-15 20:53:46
2026,1,Kyren Williams,anytime_td,NA,NA,NA,NA,2026-07-15 20:53:46
2026,1,Jalen Nailor,anytime_td,NA,NA,NA,NA,2026-07-15 20:53:46
2026,1,Tyquan Thornton,anytime_td,NA,NA,NA,NA,2026-07-15 20:53:46
2026,1,Chris Olave,anytime_td,NA,NA,NA,NA,2026-07-15 20:53:46
2026,1,Daniel Bellinger,anytime_td,NA,NA,NA,NA,2026-07-15 20:53:46
2026,1,Wan'Dale Robinson,anytime_td,NA,NA,NA,NA,2026-07-15 20:53:46
2026,1,Breece Hall,anytime_td,NA,NA,NA,NA,2026-07-15 20:53:46
2026,1,Bam Knight,anytime_td,NA,NA,NA,NA,2026-07-15 20:53:46
2026,1,Jeremy Ruckert,anytime_td,NA,NA,NA,NA,2026-07-15 20:53:46
2026,1,Garrett Wilson,anytime_td,NA,NA,NA,NA,2026-07-15 20:53:46
2026,1,Trey McBride,anytime_td,NA,NA,NA,NA,2026-07-15 20:53:46
2026,1,Calvin Austin III,anytime_td,NA,NA,NA,NA,2026-07-15 20:53:46
2026,1,Connor Heyward,anytime_td,NA,NA,NA,NA,2026-07-15 20:53:46
2026,1,George Pickens,anytime_td,NA,NA,NA,NA,2026-07-15 20:53:46
2026,1,Kenneth Walker III,anytime_td,NA,NA,NA,NA,2026-07-15 20:53:46
2026,1,Cade Otton,anytime_td,NA,NA,NA,NA,2026-07-15 20:53:46
2026,1,Rachaad White,anytime_td,NA,NA,NA,NA,2026-07-15 20:53:46
2026,1,Jahan Dotson,anytime_td,NA,NA,NA,NA,2026-07-15 20:53:46
2026,1,Brian Robinson,anytime_td,NA,NA,NA,NA,2026-07-15 20:53:46
2026,1,Jaylen Warren,anytime_td,NA,NA,NA,NA,2026-07-15 20:53:46
2026,1,Malik Davis,anytime_td,NA,NA,NA,NA,2026-07-15 20:53:46
2026,1,Tanner Conner,anytime_td,NA,NA,NA,NA,2026-07-15 20:53:46
2026,1,Jordan Mason,anytime_td,NA,NA,NA,NA,2026-07-15 20:53:46
2026,1,KaVontae Turpin,anytime_td,NA,NA,NA,NA,2026-07-15 20:53:46
2026,1,Bijan Robinson,anytime_td,NA,NA,NA,NA,2026-07-15 20:53:46
2026,1,Zay Flowers,anytime_td,NA,NA,NA,NA,2026-07-15 20:53:46
2026,1,Dalton Kincaid,anytime_td,NA,NA,NA,NA,2026-07-15 20:53:46
2026,1,Bryce Young,anytime_td,NA,NA,NA,NA,2026-07-15 20:53:46
2026,1,Roschon Johnson,anytime_td,NA,NA,NA,NA,2026-07-15 20:53:46
2026,1,Chase Brown,anytime_td,NA,NA,NA,NA,2026-07-15 20:53:46
2026,1,Andrei Iosivas,anytime_td,NA,NA,NA,NA,2026-07-15 20:53:46
2026,1,Luke Schoonmaker,anytime_td,NA,NA,NA,NA,2026-07-15 20:53:46
2026,1,Marvin Mims Jr.,anytime_td,NA,NA,NA,NA,2026-07-15 20:53:46
2026,1,Sam LaPorta,anytime_td,NA,NA,NA,NA,2026-07-15 20:53:46
2026,1,Jahmyr Gibbs,anytime_td,NA,NA,NA,NA,2026-07-15 20:53:46
2026,1,Dontayvion Wicks,anytime_td,NA,NA,NA,NA,2026-07-15 20:53:46
2026,1,Tucker Kraft,anytime_td,NA,NA,NA,NA,2026-07-15 20:53:46
2026,1,Luke Musgrave,anytime_td,NA,NA,NA,NA,2026-07-15 20:53:46
2026,1,Tyjae Spears,anytime_td,NA,NA,NA,NA,2026-07-15 20:53:46
2026,1,C.J. Stroud,anytime_td,NA,NA,NA,NA,2026-07-15 20:53:46
2026,1,Xavier Hutchinson,anytime_td,NA,NA,NA,NA,2026-07-15 20:53:46
2026,1,Josh Downs,anytime_td,NA,NA,NA,NA,2026-07-15 20:53:46
2026,1,Tank Bigsby,anytime_td,NA,NA,NA,NA,2026-07-15 20:53:46
2026,1,Parker Washington,anytime_td,NA,NA,NA,NA,2026-07-15 20:53:46
2026,1,Rashee Rice,anytime_td,NA,NA,NA,NA,2026-07-15 20:53:46
2026,1,Xavier Smith,anytime_td,NA,NA,NA,NA,2026-07-15 20:53:46
2026,1,Davis Allen,anytime_td,NA,NA,NA,NA,2026-07-15 20:53:46
2026,1,Puka Nacua,anytime_td,NA,NA,NA,NA,2026-07-15 20:53:46
2026,1,Michael Mayer,anytime_td,NA,NA,NA,NA,2026-07-15 20:53:46
2026,1,Tre Tucker,anytime_td,NA,NA,NA,NA,2026-07-15 20:53:46
2026,1,De'Von Achane,anytime_td,NA,NA,NA,NA,2026-07-15 20:53:46
2026,1,Elijah Higgins,anytime_td,NA,NA,NA,NA,2026-07-15 20:53:46
2026,1,Jordan Addison,anytime_td,NA,NA,NA,NA,2026-07-15 20:53:46
2026,1,Kayshon Boutte,anytime_td,NA,NA,NA,NA,2026-07-15 20:53:46
2026,1,DeMario Douglas,anytime_td,NA,NA,NA,NA,2026-07-15 20:53:46
2026,1,Kendre Miller,anytime_td,NA,NA,NA,NA,2026-07-15 20:53:46
2026,1,Jalin Hyatt,anytime_td,NA,NA,NA,NA,2026-07-15 20:53:46
2026,1,Michael Wilson,anytime_td,NA,NA,NA,NA,2026-07-15 20:53:46
2026,1,Darnell Washington,anytime_td,NA,NA,NA,NA,2026-07-15 20:53:46
2026,1,Quentin Johnston,anytime_td,NA,NA,NA,NA,2026-07-15 20:53:46
2026,1,Zach Charbonnet,anytime_td,NA,NA,NA,NA,2026-07-15 20:53:46
2026,1,Jaxon Smith-Njigba,anytime_td,NA,NA,NA,NA,2026-07-15 20:53:46
2026,1,Chris Rodriguez Jr.,anytime_td,NA,NA,NA,NA,2026-07-15 20:53:46
2026,1,Keaton Mitchell,anytime_td,NA,NA,NA,NA,2026-07-15 20:53:46
2026,1,Malik Heath,anytime_td,NA,NA,NA,NA,2026-07-15 20:53:46
2026,1,Zavier Scott,anytime_td,NA,NA,NA,NA,2026-07-15 20:53:46
2026,1,Hunter Luepke,anytime_td,NA,NA,NA,NA,2026-07-15 20:53:46
2026,1,Emanuel Wilson,anytime_td,NA,NA,NA,NA,2026-07-15 20:53:46
2026,1,Nate Adkins,anytime_td,NA,NA,NA,NA,2026-07-15 20:53:46
2026,1,Emari Demercado,anytime_td,NA,NA,NA,NA,2026-07-15 20:53:46
2026,1,Blake Whiteheart,anytime_td,NA,NA,NA,NA,2026-07-15 20:53:46
2026,1,Chris Brooks,anytime_td,NA,NA,NA,NA,2026-07-15 20:53:46
2026,1,Julian Hill,anytime_td,NA,NA,NA,NA,2026-07-15 20:53:46
2026,1,Tyrell Shavers,anytime_td,NA,NA,NA,NA,2026-07-15 20:53:46
2026,1,Sean Tucker,anytime_td,NA,NA,NA,NA,2026-07-15 20:53:46
2026,1,Michael Penix Jr.,anytime_td,NA,NA,NA,NA,2026-07-15 20:53:46
2026,1,Casey Washington,anytime_td,NA,NA,NA,NA,2026-07-15 20:53:46
2026,1,Keon Coleman,anytime_td,NA,NA,NA,NA,2026-07-15 20:53:46
2026,1,Ray Davis,anytime_td,NA,NA,NA,NA,2026-07-15 20:53:46
2026,1,Xavier Legette,anytime_td,NA,NA,NA,NA,2026-07-15 20:53:46
2026,1,Ja'Tavion Sanders,anytime_td,NA,NA,NA,NA,2026-07-15 20:53:46
2026,1,Rome Odunze,anytime_td,NA,NA,NA,NA,2026-07-15 20:53:46
2026,1,Caleb Williams,anytime_td,NA,NA,NA,NA,2026-07-15 20:53:46
2026,1,Jamari Thrash,anytime_td,NA,NA,NA,NA,2026-07-15 20:53:46
2026,1,Ryan Flournoy,anytime_td,NA,NA,NA,NA,2026-07-15 20:53:46
2026,1,Troy Franklin,anytime_td,NA,NA,NA,NA,2026-07-15 20:53:46
2026,1,Bo Nix,anytime_td,NA,NA,NA,NA,2026-07-15 20:53:46
2026,1,Brian Thomas Jr.,anytime_td,NA,NA,NA,NA,2026-07-15 20:53:46
2026,1,Xavier Worthy,anytime_td,NA,NA,NA,NA,2026-07-15 20:53:46
2026,1,Blake Corum,anytime_td,NA,NA,NA,NA,2026-07-15 20:53:46
2026,1,Jordan Whittington,anytime_td,NA,NA,NA,NA,2026-07-15 20:53:46
2026,1,Malik Washington,anytime_td,NA,NA,NA,NA,2026-07-15 20:53:46
2026,1,Drake Maye,anytime_td,NA,NA,NA,NA,2026-07-15 20:53:46
2026,1,Spencer Rattler,anytime_td,NA,NA,NA,NA,2026-07-15 20:53:46
2026,1,Theo Johnson,anytime_td,NA,NA,NA,NA,2026-07-15 20:53:46
2026,1,Tyrone Tracy Jr.,anytime_td,NA,NA,NA,NA,2026-07-15 20:53:46
2026,1,Malachi Corley,anytime_td,NA,NA,NA,NA,2026-07-15 20:53:46
2026,1,Isaiah Davis,anytime_td,NA,NA,NA,NA,2026-07-15 20:53:46
2026,1,Will Shipley,anytime_td,NA,NA,NA,NA,2026-07-15 20:53:46
2026,1,Marvin Harrison Jr.,anytime_td,NA,NA,NA,NA,2026-07-15 20:53:46
2026,1,Roman Wilson,anytime_td,NA,NA,NA,NA,2026-07-15 20:53:46
2026,1,Ladd McConkey,anytime_td,NA,NA,NA,NA,2026-07-15 20:53:46
2026,1,Kimani Vidal,anytime_td,NA,NA,NA,NA,2026-07-15 20:53:46
2026,1,AJ Barner,anytime_td,NA,NA,NA,NA,2026-07-15 20:53:46
2026,1,Jayden Daniels,anytime_td,NA,NA,NA,NA,2026-07-15 20:53:46
2026,1,Luke McCaffrey,anytime_td,NA,NA,NA,NA,2026-07-15 20:53:46
2026,1,Jalen Coker,anytime_td,NA,NA,NA,NA,2026-07-15 20:53:46
2026,1,Brevyn Spann-Ford,anytime_td,NA,NA,NA,NA,2026-07-15 20:53:46
2026,1,Mason Tipton,anytime_td,NA,NA,NA,NA,2026-07-15 20:53:46
2026,1,Kameron Johnson,anytime_td,NA,NA,NA,NA,2026-07-15 20:53:46
2026,1,British Brooks,anytime_td,NA,NA,NA,NA,2026-07-15 20:53:46
2026,1,Terrell Jennings,anytime_td,NA,NA,NA,NA,2026-07-15 20:53:46
2026,1,Jackson Hawes,anytime_td,NA,NA,NA,NA,2026-07-15 20:53:46
2026,1,Trevor Etienne,anytime_td,NA,NA,NA,NA,2026-07-15 20:53:46
2026,1,Mitchell Evans,anytime_td,NA,NA,NA,NA,2026-07-15 20:53:46
2026,1,Jimmy Horn Jr.,anytime_td,NA,NA,NA,NA,2026-07-15 20:53:46
2026,1,Tetairoa McMillan,anytime_td,NA,NA,NA,NA,2026-07-15 20:53:46
2026,1,Luther Burden III,anytime_td,NA,NA,NA,NA,2026-07-15 20:53:46
2026,1,Colston Loveland,anytime_td,NA,NA,NA,NA,2026-07-15 20:53:46
2026,1,Kyle Monangai,anytime_td,NA,NA,NA,NA,2026-07-15 20:53:46
2026,1,Harold Fannin Jr.,anytime_td,NA,NA,NA,NA,2026-07-15 20:53:46
2026,1,Dillon Gabriel,anytime_td,NA,NA,NA,NA,2026-07-15 20:53:46
2026,1,Quinshon Judkins,anytime_td,NA,NA,NA,NA,2026-07-15 20:53:46
2026,1,Gage Larvadain,anytime_td,NA,NA,NA,NA,2026-07-15 20:53:46
2026,1,Dylan Sampson,anytime_td,NA,NA,NA,NA,2026-07-15 20:53:46
2026,1,Jaydon Blue,anytime_td,NA,NA,NA,NA,2026-07-15 20:53:46
2026,1,Pat Bryant,anytime_td,NA,NA,NA,NA,2026-07-15 20:53:46
2026,1,RJ Harvey,anytime_td,NA,NA,NA,NA,2026-07-15 20:53:46
2026,1,Isaac TeSlaa,anytime_td,NA,NA,NA,NA,2026-07-15 20:53:46
2026,1,Matthew Golden,anytime_td,NA,NA,NA,NA,2026-07-15 20:53:46
2026,1,Savion Williams,anytime_td,NA,NA,NA,NA,2026-07-15 20:53:46
2026,1,Elic Ayomanor,anytime_td,NA,NA,NA,NA,2026-07-15 20:53:46
2026,1,Chimere Dike,anytime_td,NA,NA,NA,NA,2026-07-15 20:53:46
2026,1,Gunnar Helm,anytime_td,NA,NA,NA,NA,2026-07-15 20:53:46
2026,1,Cam Ward,anytime_td,NA,NA,NA,NA,2026-07-15 20:53:46
2026,1,Jayden Higgins,anytime_td,NA,NA,NA,NA,2026-07-15 20:53:46
2026,1,Woody Marks,anytime_td,NA,NA,NA,NA,2026-07-15 20:53:46
2026,1,Jaylin Noel,anytime_td,NA,NA,NA,NA,2026-07-15 20:53:46
2026,1,Tyler Warren,anytime_td,NA,NA,NA,NA,2026-07-15 20:53:46
2026,1,LeQuint Allen Jr.,anytime_td,NA,NA,NA,NA,2026-07-15 20:53:46
2026,1,Travis Hunter,anytime_td,NA,NA,NA,NA,2026-07-15 20:53:46
2026,1,Bhayshul Tuten,anytime_td,NA,NA,NA,NA,2026-07-15 20:53:46
2026,1,Brashard Smith,anytime_td,NA,NA,NA,NA,2026-07-15 20:53:46
2026,1,Terrance Ferguson,anytime_td,NA,NA,NA,NA,2026-07-15 20:53:46
2026,1,Konata Mumpfield,anytime_td,NA,NA,NA,NA,2026-07-15 20:53:46
2026,1,Jack Bech,anytime_td,NA,NA,NA,NA,2026-07-15 20:53:46
2026,1,Ashton Jeanty,anytime_td,NA,NA,NA,NA,2026-07-15 20:53:46
2026,1,Dont'e Thornton Jr.,anytime_td,NA,NA,NA,NA,2026-07-15 20:53:46
2026,1,Ollie Gordon II,anytime_td,NA,NA,NA,NA,2026-07-15 20:53:46
2026,1,Max Brosmer,anytime_td,NA,NA,NA,NA,2026-07-15 20:53:46
2026,1,TreVeyon Henderson,anytime_td,NA,NA,NA,NA,2026-07-15 20:53:46
2026,1,Kyle Williams,anytime_td,NA,NA,NA,NA,2026-07-15 20:53:46
2026,1,Devin Neal,anytime_td,NA,NA,NA,NA,2026-07-15 20:53:46
2026,1,Tyler Shough,anytime_td,NA,NA,NA,NA,2026-07-15 20:53:46
2026,1,Beaux Collins,anytime_td,NA,NA,NA,NA,2026-07-15 20:53:46
2026,1,Jaxson Dart,anytime_td,NA,NA,NA,NA,2026-07-15 20:53:46
2026,1,Cam Skattebo,anytime_td,NA,NA,NA,NA,2026-07-15 20:53:46
2026,1,Arian Smith,anytime_td,NA,NA,NA,NA,2026-07-15 20:53:46
2026,1,Mason Taylor,anytime_td,NA,NA,NA,NA,2026-07-15 20:53:46
2026,1,Kaleb Johnson,anytime_td,NA,NA,NA,NA,2026-07-15 20:53:46
2026,1,Oronde Gadsden II,anytime_td,NA,NA,NA,NA,2026-07-15 20:53:46
2026,1,Tre Harris,anytime_td,NA,NA,NA,NA,2026-07-15 20:53:46
2026,1,KeAndre Lambert-Smith,anytime_td,NA,NA,NA,NA,2026-07-15 20:53:46
2026,1,Elijah Arroyo,anytime_td,NA,NA,NA,NA,2026-07-15 20:53:46
2026,1,Tory Horton,anytime_td,NA,NA,NA,NA,2026-07-15 20:53:46
2026,1,Emeka Egbuka,anytime_td,NA,NA,NA,NA,2026-07-15 20:53:46
2026,1,Tez Johnson,anytime_td,NA,NA,NA,NA,2026-07-15 20:53:46
2026,1,Jacory Croskey-Merritt,anytime_td,NA,NA,NA,NA,2026-07-15 20:53:46
2026,1,Jaylin Lane,anytime_td,NA,NA,NA,NA,2026-07-15 20:53:46
2026,1,Isaiah Bond,anytime_td,NA,NA,NA,NA,2026-07-15 20:53:46
