season,week,player_name,position,team,opponent,market,proj,line_eval,p_over_line,line,over_odds,under_odds,sportsbook,model_p_over,market_p_over,edge,lean
2026,1,Joe Flacco,QB,CIN,TB,pass_yards,205.44801933687438,205.5,0.5005313614736969,NA,NA,NA,NA,NA,NA,NA,NA
2026,1,Joe Flacco,QB,CIN,TB,pass_tds,1.9079681361682324,1.5,0.5936376873414503,NA,NA,NA,NA,NA,NA,NA,NA
2026,1,Joe Flacco,QB,CIN,TB,anytime_td,0.07203040493504653,0.5,0.07203040493504653,NA,NA,NA,NA,NA,NA,NA,NA
2026,1,Matthew Stafford,QB,LA,SF,pass_yards,285.37177539127725,285.5,0.4889385892774626,NA,NA,NA,NA,NA,NA,NA,NA
2026,1,Matthew Stafford,QB,LA,SF,pass_tds,2.0211225949862865,2.5,0.32752795161490617,NA,NA,NA,NA,NA,NA,NA,NA
2026,1,Matthew Stafford,QB,LA,SF,anytime_td,0.04875063428561477,0.5,0.04875063428561477,NA,NA,NA,NA,NA,NA,NA,NA
2026,1,Andy Dalton,QB,CAR,CHI,pass_yards,135.50446962918303,135.5,0.48701543340480025,NA,NA,NA,NA,NA,NA,NA,NA
2026,1,Andy Dalton,QB,CAR,CHI,pass_tds,1.2250863167706658,1.5,0.34782927053346835,NA,NA,NA,NA,NA,NA,NA,NA
2026,1,Andy Dalton,QB,CAR,CHI,anytime_td,0.05919766604861265,0.5,0.05919766604861265,NA,NA,NA,NA,NA,NA,NA,NA
2026,1,Aaron Rodgers,QB,PIT,ATL,pass_yards,202.34661445791357,200.5,0.5062971102240748,NA,NA,NA,NA,NA,NA,NA,NA
2026,1,Aaron Rodgers,QB,PIT,ATL,pass_tds,1.4197706048810403,1.5,0.41380041559777736,NA,NA,NA,NA,NA,NA,NA,NA
2026,1,Aaron Rodgers,QB,PIT,ATL,anytime_td,0.056054656060513075,0.5,0.056054656060513075,NA,NA,NA,NA,NA,NA,NA,NA
2026,1,Geno Smith,QB,LV,MIA,pass_yards,188.2979305095497,190.5,0.4704302582448635,NA,NA,NA,NA,NA,NA,NA,NA
2026,1,Geno Smith,QB,LV,MIA,pass_tds,1.4552767245197853,1.5,0.43412589874839086,NA,NA,NA,NA,NA,NA,NA,NA
2026,1,Geno Smith,QB,LV,MIA,anytime_td,0.10013698898174805,0.5,0.10013698898174805,NA,NA,NA,NA,NA,NA,NA,NA
2026,1,Keenan Allen,WR,LAC,ARI,receptions,4.760948263644361,4.5,0.4663617600391211,NA,NA,NA,NA,NA,NA,NA,NA
2026,1,Keenan Allen,WR,LAC,ARI,anytime_td,0.3488279725178095,0.5,0.3488279725178095,NA,NA,NA,NA,NA,NA,NA,NA
2026,1,Zach Ertz,TE,WAS,PHI,receptions,3.159579198535101,3.5,0.36723921884669036,NA,NA,NA,NA,NA,NA,NA,NA
2026,1,Zach Ertz,TE,WAS,PHI,anytime_td,0.19128626342401578,0.5,0.19128626342401578,NA,NA,NA,NA,NA,NA,NA,NA
2026,1,DeAndre Hopkins,WR,BAL,IND,receptions,1.7483203737203943,1.5,0.4558835590851319,NA,NA,NA,NA,NA,NA,NA,NA
2026,1,DeAndre Hopkins,WR,BAL,IND,anytime_td,0.12661115496678899,0.5,0.12661115496678899,NA,NA,NA,NA,NA,NA,NA,NA
2026,1,Kyle Juszczyk,RB,SF,LA,receptions,1.4866857490620515,1.5,0.41701525268377687,NA,NA,NA,NA,NA,NA,NA,NA
2026,1,Kyle Juszczyk,RB,SF,LA,anytime_td,0.04090019691823121,0.5,0.04090019691823121,NA,NA,NA,NA,NA,NA,NA,NA
2026,1,Travis Kelce,TE,KC,DEN,receptions,4.368650637352822,4.5,0.42440651385080036,NA,NA,NA,NA,NA,NA,NA,NA
2026,1,Travis Kelce,TE,KC,DEN,anytime_td,0.234532951456353,0.5,0.234532951456353,NA,NA,NA,NA,NA,NA,NA,NA
2026,1,Davante Adams,WR,LA,SF,receptions,5.446378778553374,5.5,0.4443014757614806,NA,NA,NA,NA,NA,NA,NA,NA
2026,1,Davante Adams,WR,LA,SF,anytime_td,0.41098596319387015,0.5,0.41098596319387015,NA,NA,NA,NA,NA,NA,NA,NA
2026,1,Ameer Abdullah,RB,IND,BAL,receptions,1.573394449895306,1.5,0.3850504678247401,NA,NA,NA,NA,NA,NA,NA,NA
2026,1,Ameer Abdullah,RB,IND,BAL,anytime_td,0.0811579302592943,0.5,0.0811579302592943,NA,NA,NA,NA,NA,NA,NA,NA
2026,1,Marcus Mariota,QB,WAS,PHI,pass_yards,159.56999822781066,160.5,0.47220256618668277,NA,NA,NA,NA,NA,NA,NA,NA
2026,1,Marcus Mariota,QB,WAS,PHI,pass_tds,1.0591329748735991,1.5,0.2997242991318038,NA,NA,NA,NA,NA,NA,NA,NA
2026,1,Marcus Mariota,QB,WAS,PHI,anytime_td,0.1792238356356528,0.5,0.1792238356356528,NA,NA,NA,NA,NA,NA,NA,NA
2026,1,Stefon Diggs,WR,NE,SEA,receptions,4.588842396403334,4.5,0.44347768130892745,NA,NA,NA,NA,NA,NA,NA,NA
2026,1,Stefon Diggs,WR,NE,SEA,anytime_td,0.2050462576636083,0.5,0.2050462576636083,NA,NA,NA,NA,NA,NA,NA,NA
2026,1,Raheem Mostert,RB,LV,MIA,receptions,0.8310921240520289,0.5,0.5030879087368313,NA,NA,NA,NA,NA,NA,NA,NA
2026,1,Raheem Mostert,RB,LV,MIA,anytime_td,0.07420882501724058,0.5,0.07420882501724058,NA,NA,NA,NA,NA,NA,NA,NA
2026,1,Chris Moore,WR,WAS,PHI,receptions,1.5797775128800005,1.5,0.41669100066243536,NA,NA,NA,NA,NA,NA,NA,NA
2026,1,Chris Moore,WR,WAS,PHI,anytime_td,0.11354621515427443,0.5,0.11354621515427443,NA,NA,NA,NA,NA,NA,NA,NA
2026,1,Carson Wentz,QB,MIN,GB,pass_yards,165.11031474429794,165.5,0.4950373980600969,NA,NA,NA,NA,NA,NA,NA,NA
2026,1,Carson Wentz,QB,MIN,GB,pass_tds,1.2870861182249735,1.5,0.36013155706653405,NA,NA,NA,NA,NA,NA,NA,NA
2026,1,Carson Wentz,QB,MIN,GB,anytime_td,0.08219258735447454,0.5,0.08219258735447454,NA,NA,NA,NA,NA,NA,NA,NA
2026,1,Dak Prescott,QB,DAL,NYG,pass_yards,266.25655526900823,265.5,0.4968296977337456,NA,NA,NA,NA,NA,NA,NA,NA
2026,1,Dak Prescott,QB,DAL,NYG,pass_tds,1.7145494821954095,1.5,0.5376185905189372,NA,NA,NA,NA,NA,NA,NA,NA
2026,1,Dak Prescott,QB,DAL,NYG,anytime_td,0.13391055774206662,0.5,0.13391055774206662,NA,NA,NA,NA,NA,NA,NA,NA
2026,1,Jacoby Brissett,QB,ARI,LAC,pass_yards,247.66695962716798,250.5,0.4701900390873768,NA,NA,NA,NA,NA,NA,NA,NA
2026,1,Jacoby Brissett,QB,ARI,LAC,pass_tds,1.3071147725464436,1.5,0.3639282557334135,NA,NA,NA,NA,NA,NA,NA,NA
2026,1,Jacoby Brissett,QB,ARI,LAC,anytime_td,0.07355085178430965,0.5,0.07355085178430965,NA,NA,NA,NA,NA,NA,NA,NA
2026,1,Sterling Shepard,WR,TB,CIN,receptions,2.7052408598357145,2.5,0.4565199620199236,NA,NA,NA,NA,NA,NA,NA,NA
2026,1,Sterling Shepard,WR,TB,CIN,anytime_td,0.1586045238255307,0.5,0.1586045238255307,NA,NA,NA,NA,NA,NA,NA,NA
2026,1,Jared Goff,QB,DET,NO,pass_yards,282.4437341603982,280.5,0.47258692699736865,NA,NA,NA,NA,NA,NA,NA,NA
2026,1,Jared Goff,QB,DET,NO,pass_tds,1.7572481445709058,1.5,0.5488600528913345,NA,NA,NA,NA,NA,NA,NA,NA
2026,1,Jared Goff,QB,DET,NO,anytime_td,0.04541522823231581,0.5,0.04541522823231581,NA,NA,NA,NA,NA,NA,NA,NA
2026,1,Hunter Henry,TE,NE,SEA,receptions,3.5704371689993266,3.5,0.4444401555743234,NA,NA,NA,NA,NA,NA,NA,NA
2026,1,Hunter Henry,TE,NE,SEA,anytime_td,0.20599299588933806,0.5,0.20599299588933806,NA,NA,NA,NA,NA,NA,NA,NA
2026,1,Tyler Higbee,TE,LA,SF,receptions,3.2719870377982563,3.5,0.39843854776079923,NA,NA,NA,NA,NA,NA,NA,NA
2026,1,Tyler Higbee,TE,LA,SF,anytime_td,0.21823905045935432,0.5,0.21823905045935432,NA,NA,NA,NA,NA,NA,NA,NA
2026,1,Austin Hooper,TE,NE,SEA,receptions,1.5606532799363486,1.5,0.4278792788698965,NA,NA,NA,NA,NA,NA,NA,NA
2026,1,Austin Hooper,TE,NE,SEA,anytime_td,0.1077258445793442,0.5,0.1077258445793442,NA,NA,NA,NA,NA,NA,NA,NA
2026,1,Demarcus Robinson,WR,SF,LA,receptions,1.7735865763261938,1.5,0.4774078677146298,NA,NA,NA,NA,NA,NA,NA,NA
2026,1,Demarcus Robinson,WR,SF,LA,anytime_td,0.10652821861667061,0.5,0.10652821861667061,NA,NA,NA,NA,NA,NA,NA,NA
2026,1,Derrick Henry,RB,BAL,IND,receptions,0.7444720143814393,0.5,0.43842814253500645,NA,NA,NA,NA,NA,NA,NA,NA
2026,1,Derrick Henry,RB,BAL,IND,anytime_td,0.6104857035924401,0.5,0.6104857035924401,NA,NA,NA,NA,NA,NA,NA,NA
2026,1,Kalif Raymond,WR,DET,NO,receptions,1.8508511813858097,1.5,0.4971130386716686,NA,NA,NA,NA,NA,NA,NA,NA
2026,1,Kalif Raymond,WR,DET,NO,anytime_td,0.12674146218037108,0.5,0.12674146218037108,NA,NA,NA,NA,NA,NA,NA,NA
2026,1,Evan Engram,TE,DEN,KC,receptions,3.189317842724596,3.5,0.3783528136269098,NA,NA,NA,NA,NA,NA,NA,NA
2026,1,Evan Engram,TE,DEN,KC,anytime_td,0.14192886115688141,0.5,0.14192886115688141,NA,NA,NA,NA,NA,NA,NA,NA
2026,1,Zay Jones,WR,ARI,LAC,receptions,2.0433188143877987,2.5,0.31444856708997265,NA,NA,NA,NA,NA,NA,NA,NA
2026,1,Zay Jones,WR,ARI,LAC,anytime_td,0.07979544449000753,0.5,0.07979544449000753,NA,NA,NA,NA,NA,NA,NA,NA
2026,1,Cooper Kupp,WR,SEA,NE,receptions,2.798902824936217,2.5,0.48403392595906397,NA,NA,NA,NA,NA,NA,NA,NA
2026,1,Cooper Kupp,WR,SEA,NE,anytime_td,0.18867034190008047,0.5,0.18867034190008047,NA,NA,NA,NA,NA,NA,NA,NA
2026,1,Kareem Hunt,RB,KC,DEN,receptions,0.9991395804358444,0.5,0.5120513475620763,NA,NA,NA,NA,NA,NA,NA,NA
2026,1,Kareem Hunt,RB,KC,DEN,anytime_td,0.3137552836423624,0.5,0.3137552836423624,NA,NA,NA,NA,NA,NA,NA,NA
2026,1,Jeremy McNichols,RB,WAS,PHI,receptions,1.3904881575847081,1.5,0.3579935446362421,NA,NA,NA,NA,NA,NA,NA,NA
2026,1,Jeremy McNichols,RB,WAS,PHI,anytime_td,0.09309472299988664,0.5,0.09309472299988664,NA,NA,NA,NA,NA,NA,NA,NA
2026,1,David Njoku,TE,CLE,JAX,receptions,2.593720115572532,2.5,0.4102527924154354,NA,NA,NA,NA,NA,NA,NA,NA
2026,1,David Njoku,TE,CLE,JAX,anytime_td,0.1583230067257696,0.5,0.1583230067257696,NA,NA,NA,NA,NA,NA,NA,NA
2026,1,Christian McCaffrey,RB,SF,LA,receptions,5.345218183024455,5.5,0.4220716978710623,NA,NA,NA,NA,NA,NA,NA,NA
2026,1,Christian McCaffrey,RB,SF,LA,anytime_td,0.5515407736835878,0.5,0.5515407736835878,NA,NA,NA,NA,NA,NA,NA,NA
2026,1,Alvin Kamara,RB,NO,DET,receptions,3.1834802798314157,3.5,0.3676953148017877,NA,NA,NA,NA,NA,NA,NA,NA
2026,1,Alvin Kamara,RB,NO,DET,anytime_td,0.3463181114415653,0.5,0.3463181114415653,NA,NA,NA,NA,NA,NA,NA,NA
2026,1,Curtis Samuel,WR,BUF,HOU,receptions,1.4144475358087525,1.5,0.37281619640658137,NA,NA,NA,NA,NA,NA,NA,NA
2026,1,Curtis Samuel,WR,BUF,HOU,anytime_td,0.116055739872998,0.5,0.116055739872998,NA,NA,NA,NA,NA,NA,NA,NA
2026,1,Aaron Jones,RB,MIN,GB,receptions,2.7102398365525877,2.5,0.4502684302039956,NA,NA,NA,NA,NA,NA,NA,NA
2026,1,Aaron Jones,RB,MIN,GB,anytime_td,0.4197249950882411,0.5,0.4197249950882411,NA,NA,NA,NA,NA,NA,NA,NA
2026,1,Patrick Mahomes,QB,KC,DEN,pass_yards,217.43795600926887,215.5,0.5051035031143314,NA,NA,NA,NA,NA,NA,NA,NA
2026,1,Patrick Mahomes,QB,KC,DEN,pass_tds,1.3549181159981638,1.5,0.3764457785410047,NA,NA,NA,NA,NA,NA,NA,NA
2026,1,Patrick Mahomes,QB,KC,DEN,anytime_td,0.2005243273726438,0.5,0.2005243273726438,NA,NA,NA,NA,NA,NA,NA,NA
2026,1,Samaje Perine,RB,CIN,TB,receptions,1.493564854850979,1.5,0.3873821487595501,NA,NA,NA,NA,NA,NA,NA,NA
2026,1,Samaje Perine,RB,CIN,TB,anytime_td,0.22909715233336736,0.5,0.22909715233336736,NA,NA,NA,NA,NA,NA,NA,NA
2026,1,JuJu Smith-Schuster,WR,KC,DEN,receptions,1.833876149615123,1.5,0.4789748612093609,NA,NA,NA,NA,NA,NA,NA,NA
2026,1,JuJu Smith-Schuster,WR,KC,DEN,anytime_td,0.0948831362496888,0.5,0.0948831362496888,NA,NA,NA,NA,NA,NA,NA,NA
2026,1,Josh Reynolds,WR,NYJ,TEN,receptions,2.1704674906849206,2.5,0.3471025987422831,NA,NA,NA,NA,NA,NA,NA,NA
2026,1,Josh Reynolds,WR,NYJ,TEN,anytime_td,0.12602573717352694,0.5,0.12602573717352694,NA,NA,NA,NA,NA,NA,NA,NA
2026,1,Jonnu Smith,TE,PIT,ATL,receptions,2.062687567820826,2.5,0.3279335155308356,NA,NA,NA,NA,NA,NA,NA,NA
2026,1,Jonnu Smith,TE,PIT,ATL,anytime_td,0.16216615708000015,0.5,0.16216615708000015,NA,NA,NA,NA,NA,NA,NA,NA
2026,1,Mack Hollins,WR,NE,SEA,receptions,3.3588881096852323,3.5,0.3943247838420995,NA,NA,NA,NA,NA,NA,NA,NA
2026,1,Mack Hollins,WR,NE,SEA,anytime_td,0.17190431990442068,0.5,0.17190431990442068,NA,NA,NA,NA,NA,NA,NA,NA
2026,1,George Kittle,TE,SF,LA,receptions,5.781778925697156,5.5,0.48316502321512045,NA,NA,NA,NA,NA,NA,NA,NA
2026,1,George Kittle,TE,SF,LA,anytime_td,0.27933261997853176,0.5,0.27933261997853176,NA,NA,NA,NA,NA,NA,NA,NA
2026,1,Mo Alie-Cox,TE,IND,BAL,receptions,1.5648680124340977,1.5,0.42334998493126047,NA,NA,NA,NA,NA,NA,NA,NA
2026,1,Mo Alie-Cox,TE,IND,BAL,anytime_td,0.12496668141353573,0.5,0.12496668141353573,NA,NA,NA,NA,NA,NA,NA,NA
2026,1,Johnny Mundt,TE,JAX,CLE,receptions,1.0633566935081378,1.5,0.27859457765386975,NA,NA,NA,NA,NA,NA,NA,NA
2026,1,Johnny Mundt,TE,JAX,CLE,anytime_td,0.10502573155881556,0.5,0.10502573155881556,NA,NA,NA,NA,NA,NA,NA,NA
2026,1,Kendrick Bourne,WR,SF,LA,receptions,2.1069333853772347,2.5,0.3328915053562965,NA,NA,NA,NA,NA,NA,NA,NA
2026,1,Kendrick Bourne,WR,SF,LA,anytime_td,0.10734865159658591,0.5,0.10734865159658591,NA,NA,NA,NA,NA,NA,NA,NA
2026,1,Taysom Hill,TE,NO,DET,receptions,1.2793819583187005,1.5,0.2960388352107033,NA,NA,NA,NA,NA,NA,NA,NA
2026,1,Taysom Hill,TE,NO,DET,anytime_td,0.19779437735949001,0.5,0.19779437735949001,NA,NA,NA,NA,NA,NA,NA,NA
2026,1,Tim Patrick,WR,JAX,CLE,receptions,1.3221652280274023,1.5,0.3299134113023815,NA,NA,NA,NA,NA,NA,NA,NA
2026,1,Tim Patrick,WR,JAX,CLE,anytime_td,0.10131440612877418,0.5,0.10131440612877418,NA,NA,NA,NA,NA,NA,NA,NA
2026,1,Cooper Rush,QB,BAL,IND,pass_yards,121.05137688914367,120.5,0.5027150561096745,NA,NA,NA,NA,NA,NA,NA,NA
2026,1,Cooper Rush,QB,BAL,IND,pass_tds,1.2730671325171994,1.5,0.3574242267578368,NA,NA,NA,NA,NA,NA,NA,NA
2026,1,Cooper Rush,QB,BAL,IND,anytime_td,0.07448964241694833,0.5,0.07448964241694833,NA,NA,NA,NA,NA,NA,NA,NA
2026,1,Dare Ogunbowale,RB,HOU,BUF,receptions,1.0234829803124252,1.5,0.25650063765210906,NA,NA,NA,NA,NA,NA,NA,NA
2026,1,Dare Ogunbowale,RB,HOU,BUF,anytime_td,0.05899555226335407,0.5,0.05899555226335407,NA,NA,NA,NA,NA,NA,NA,NA
2026,1,Christian Kirk,WR,HOU,BUF,receptions,2.6957533415552373,2.5,0.46458083470933315,NA,NA,NA,NA,NA,NA,NA,NA
2026,1,Christian Kirk,WR,HOU,BUF,anytime_td,0.17077421188877107,0.5,0.17077421188877107,NA,NA,NA,NA,NA,NA,NA,NA
2026,1,Allen Lazard,WR,NYJ,TEN,receptions,1.3108013709324056,1.5,0.3428661996886175,NA,NA,NA,NA,NA,NA,NA,NA
2026,1,Allen Lazard,WR,NYJ,TEN,anytime_td,0.09529805785537904,0.5,0.09529805785537904,NA,NA,NA,NA,NA,NA,NA,NA
2026,1,Baker Mayfield,QB,TB,CIN,pass_yards,244.26763213680775,245.5,0.4717297491997502,NA,NA,NA,NA,NA,NA,NA,NA
2026,1,Baker Mayfield,QB,TB,CIN,pass_tds,1.6995935732591745,1.5,0.5335698086088152,NA,NA,NA,NA,NA,NA,NA,NA
2026,1,Baker Mayfield,QB,TB,CIN,anytime_td,0.14026430142296586,0.5,0.14026430142296586,NA,NA,NA,NA,NA,NA,NA,NA
2026,1,DJ Moore,WR,CHI,CAR,receptions,3.0401980384444434,3.5,0.3577626861903672,NA,NA,NA,NA,NA,NA,NA,NA
2026,1,DJ Moore,WR,CHI,CAR,anytime_td,0.26737037900537264,0.5,0.26737037900537264,NA,NA,NA,NA,NA,NA,NA,NA
2026,1,Dalton Schultz,TE,HOU,BUF,receptions,4.2806430706158345,4.5,0.4074947151634735,NA,NA,NA,NA,NA,NA,NA,NA
2026,1,Dalton Schultz,TE,HOU,BUF,anytime_td,0.22900598414523488,0.5,0.22900598414523488,NA,NA,NA,NA,NA,NA,NA,NA
2026,1,Courtland Sutton,WR,DEN,KC,receptions,4.265532200907962,4.5,0.4044289471907909,NA,NA,NA,NA,NA,NA,NA,NA
2026,1,Courtland Sutton,WR,DEN,KC,anytime_td,0.24916332928436746,0.5,0.24916332928436746,NA,NA,NA,NA,NA,NA,NA,NA
2026,1,Ian Thomas,TE,LV,MIA,receptions,1.2579632990030283,1.5,0.33891234987125896,NA,NA,NA,NA,NA,NA,NA,NA
2026,1,Ian Thomas,TE,LV,MIA,anytime_td,0.1026925921634706,0.5,0.1026925921634706,NA,NA,NA,NA,NA,NA,NA,NA
2026,1,Cedrick Wilson Jr.,WR,MIA,LV,receptions,1.1194227281812408,1.5,0.29825883603114395,NA,NA,NA,NA,NA,NA,NA,NA
2026,1,Cedrick Wilson Jr.,WR,MIA,LV,anytime_td,0.06359253007688703,0.5,0.06359253007688703,NA,NA,NA,NA,NA,NA,NA,NA
2026,1,Josh Allen,QB,BUF,HOU,pass_yards,211.48067275347438,210.5,0.5015611915792954,NA,NA,NA,NA,NA,NA,NA,NA
2026,1,Josh Allen,QB,BUF,HOU,pass_tds,1.2963922473621752,1.5,0.3619059328330295,NA,NA,NA,NA,NA,NA,NA,NA
2026,1,Josh Allen,QB,BUF,HOU,anytime_td,0.34256373317060107,0.5,0.34256373317060107,NA,NA,NA,NA,NA,NA,NA,NA
2026,1,Mark Andrews,TE,BAL,IND,receptions,3.0703319152244553,3.5,0.3643021428543248,NA,NA,NA,NA,NA,NA,NA,NA
2026,1,Mark Andrews,TE,BAL,IND,anytime_td,0.24973957151653114,0.5,0.24973957151653114,NA,NA,NA,NA,NA,NA,NA,NA
2026,1,Saquon Barkley,RB,PHI,WAS,receptions,1.9511017452199941,1.5,0.4808766822960699,NA,NA,NA,NA,NA,NA,NA,NA
2026,1,Saquon Barkley,RB,PHI,WAS,anytime_td,0.593398149594188,0.5,0.593398149594188,NA,NA,NA,NA,NA,NA,NA,NA
2026,1,Braxton Berrios,WR,HOU,BUF,receptions,1.4967345373830268,1.5,0.40330143309164923,NA,NA,NA,NA,NA,NA,NA,NA
2026,1,Braxton Berrios,WR,HOU,BUF,anytime_td,0.08584538940230668,0.5,0.08584538940230668,NA,NA,NA,NA,NA,NA,NA,NA
2026,1,Dallas Goedert,TE,PHI,WAS,receptions,4.171395891613064,4.5,0.3852158973197385,NA,NA,NA,NA,NA,NA,NA,NA
2026,1,Dallas Goedert,TE,PHI,WAS,anytime_td,0.35371715514020485,0.5,0.35371715514020485,NA,NA,NA,NA,NA,NA,NA,NA
2026,1,Nick Chubb,RB,HOU,BUF,receptions,0.5907461267647618,0.5,0.3672457646352634,NA,NA,NA,NA,NA,NA,NA,NA
2026,1,Nick Chubb,RB,HOU,BUF,anytime_td,0.18954348789902986,0.5,0.18954348789902986,NA,NA,NA,NA,NA,NA,NA,NA
2026,1,Sam Darnold,QB,SEA,NE,pass_yards,223.9140783499593,225.5,0.48938779469384386,NA,NA,NA,NA,NA,NA,NA,NA
2026,1,Sam Darnold,QB,SEA,NE,pass_tds,1.4167444875251083,1.5,0.4120639313522183,NA,NA,NA,NA,NA,NA,NA,NA
2026,1,Sam Darnold,QB,SEA,NE,anytime_td,0.10469901908629065,0.5,0.10469901908629065,NA,NA,NA,NA,NA,NA,NA,NA
2026,1,Will Dissly,TE,LAC,ARI,receptions,1.875400181453817,1.5,0.45575854629820006,NA,NA,NA,NA,NA,NA,NA,NA
2026,1,Will Dissly,TE,LAC,ARI,anytime_td,0.16162065013823423,0.5,0.16162065013823423,NA,NA,NA,NA,NA,NA,NA,NA
2026,1,Tanner Hudson,TE,CIN,TB,receptions,1.951598403339522,1.5,0.5003841030887852,NA,NA,NA,NA,NA,NA,NA,NA
2026,1,Tanner Hudson,TE,CIN,TB,anytime_td,0.16632649207605354,0.5,0.16632649207605354,NA,NA,NA,NA,NA,NA,NA,NA
2026,1,A.J. Brown,WR,PHI,WAS,receptions,5.651795188841117,5.5,0.4588951496058786,NA,NA,NA,NA,NA,NA,NA,NA
2026,1,A.J. Brown,WR,PHI,WAS,anytime_td,0.4253974264263536,0.5,0.4253974264263536,NA,NA,NA,NA,NA,NA,NA,NA
2026,1,Alec Ingold,RB,MIA,LV,receptions,0.7497604311617307,0.5,0.47542990686661163,NA,NA,NA,NA,NA,NA,NA,NA
2026,1,Alec Ingold,RB,MIA,LV,anytime_td,0.02251239831917795,0.5,0.02251239831917795,NA,NA,NA,NA,NA,NA,NA,NA
2026,1,Ty Johnson,RB,BUF,HOU,receptions,1.4706371363240638,1.5,0.38173407207298354,NA,NA,NA,NA,NA,NA,NA,NA
2026,1,Ty Johnson,RB,BUF,HOU,anytime_td,0.15728831907407714,0.5,0.15728831907407714,NA,NA,NA,NA,NA,NA,NA,NA
2026,1,Daniel Jones,QB,IND,BAL,pass_yards,244.41401311543024,245.5,0.4799883339562692,NA,NA,NA,NA,NA,NA,NA,NA
2026,1,Daniel Jones,QB,IND,BAL,pass_tds,1.3771979268167955,1.5,0.38931303812209694,NA,NA,NA,NA,NA,NA,NA,NA
2026,1,Daniel Jones,QB,IND,BAL,anytime_td,0.16925651380485052,0.5,0.16925651380485052,NA,NA,NA,NA,NA,NA,NA,NA
2026,1,Foster Moreau,TE,NO,DET,receptions,1.3683107869316262,1.5,0.3583612450455651,NA,NA,NA,NA,NA,NA,NA,NA
2026,1,Foster Moreau,TE,NO,DET,anytime_td,0.0984337663827779,0.5,0.0984337663827779,NA,NA,NA,NA,NA,NA,NA,NA
2026,1,Josh Jacobs,RB,GB,MIN,receptions,1.7915347490133282,1.5,0.4367099470128394,NA,NA,NA,NA,NA,NA,NA,NA
2026,1,Josh Jacobs,RB,GB,MIN,anytime_td,0.461788201146494,0.5,0.461788201146494,NA,NA,NA,NA,NA,NA,NA,NA
2026,1,T.J. Hockenson,TE,MIN,GB,receptions,3.082306470928412,3.5,0.3573099952005611,NA,NA,NA,NA,NA,NA,NA,NA
2026,1,T.J. Hockenson,TE,MIN,GB,anytime_td,0.18067165554815978,0.5,0.18067165554815978,NA,NA,NA,NA,NA,NA,NA,NA
2026,1,Marquise Brown,WR,KC,DEN,receptions,2.648495425566613,2.5,0.4371518900803124,NA,NA,NA,NA,NA,NA,NA,NA
2026,1,Marquise Brown,WR,KC,DEN,anytime_td,0.17031500591291104,0.5,0.17031500591291104,NA,NA,NA,NA,NA,NA,NA,NA
2026,1,Noah Fant,TE,CIN,TB,receptions,2.383596445754507,2.5,0.38046088620734897,NA,NA,NA,NA,NA,NA,NA,NA
2026,1,Noah Fant,TE,CIN,TB,anytime_td,0.17571765586383603,0.5,0.17571765586383603,NA,NA,NA,NA,NA,NA,NA,NA
2026,1,Justice Hill,RB,BAL,IND,receptions,2.0096105114348037,2.5,0.31561382742965555,NA,NA,NA,NA,NA,NA,NA,NA
2026,1,Justice Hill,RB,BAL,IND,anytime_td,0.20672521359194218,0.5,0.20672521359194218,NA,NA,NA,NA,NA,NA,NA,NA
2026,1,David Montgomery,RB,DET,NO,receptions,1.2571202347554122,1.5,0.3315755802624608,NA,NA,NA,NA,NA,NA,NA,NA
2026,1,David Montgomery,RB,DET,NO,anytime_td,0.3226764108505068,0.5,0.3226764108505068,NA,NA,NA,NA,NA,NA,NA,NA
2026,1,Andrew Beck,RB,NYJ,TEN,receptions,0.8153014121598228,0.5,0.5159234951224648,NA,NA,NA,NA,NA,NA,NA,NA
2026,1,Andrew Beck,RB,NYJ,TEN,anytime_td,0.07564416697919962,0.5,0.07564416697919962,NA,NA,NA,NA,NA,NA,NA,NA
2026,1,Greg Dortch,WR,ARI,LAC,receptions,1.97149476718079,1.5,0.47041630541703316,NA,NA,NA,NA,NA,NA,NA,NA
2026,1,Greg Dortch,WR,ARI,LAC,anytime_td,0.12201785565735757,0.5,0.12201785565735757,NA,NA,NA,NA,NA,NA,NA,NA
2026,1,Dawson Knox,TE,BUF,HOU,receptions,2.251037291759805,2.5,0.3708331661120825,NA,NA,NA,NA,NA,NA,NA,NA
2026,1,Dawson Knox,TE,BUF,HOU,anytime_td,0.1563549092628458,0.5,0.1563549092628458,NA,NA,NA,NA,NA,NA,NA,NA
2026,1,DK Metcalf,WR,PIT,ATL,receptions,4.257072582700672,4.5,0.4067105780135945,NA,NA,NA,NA,NA,NA,NA,NA
2026,1,DK Metcalf,WR,PIT,ATL,anytime_td,0.3060530326774178,0.5,0.3060530326774178,NA,NA,NA,NA,NA,NA,NA,NA
2026,1,Josh Oliver,TE,MIN,GB,receptions,1.4450068757943617,1.5,0.38638428880913955,NA,NA,NA,NA,NA,NA,NA,NA
2026,1,Josh Oliver,TE,MIN,GB,anytime_td,0.11881532052086607,0.5,0.11881532052086607,NA,NA,NA,NA,NA,NA,NA,NA
2026,1,Tony Pollard,RB,TEN,NYJ,receptions,1.5551860904549177,1.5,0.4076144833218592,NA,NA,NA,NA,NA,NA,NA,NA
2026,1,Tony Pollard,RB,TEN,NYJ,anytime_td,0.4157828701094375,0.5,0.4157828701094375,NA,NA,NA,NA,NA,NA,NA,NA
2026,1,Deebo Samuel Sr.,WR,WAS,PHI,receptions,3.901586715264856,3.5,0.4942015147942912,NA,NA,NA,NA,NA,NA,NA,NA
2026,1,Deebo Samuel Sr.,WR,WAS,PHI,anytime_td,0.2696999737109589,0.5,0.2696999737109589,NA,NA,NA,NA,NA,NA,NA,NA
2026,1,David Sills,WR,ATL,PIT,receptions,1.8628134089079988,1.5,0.4685129802857397,NA,NA,NA,NA,NA,NA,NA,NA
2026,1,David Sills,WR,ATL,PIT,anytime_td,0.10744540423376792,0.5,0.10744540423376792,NA,NA,NA,NA,NA,NA,NA,NA
2026,1,Devin Singletary,RB,NYG,DAL,receptions,1.1365584153593673,1.5,0.2802604313749673,NA,NA,NA,NA,NA,NA,NA,NA
2026,1,Devin Singletary,RB,NYG,DAL,anytime_td,0.30069933831975515,0.5,0.30069933831975515,NA,NA,NA,NA,NA,NA,NA,NA
2026,1,Darius Slayton,WR,NYG,DAL,receptions,2.9533170404770575,2.5,0.49836423300986316,NA,NA,NA,NA,NA,NA,NA,NA
2026,1,Darius Slayton,WR,NYG,DAL,anytime_td,0.20353472764700054,0.5,0.20353472764700054,NA,NA,NA,NA,NA,NA,NA,NA
2026,1,Olamide Zaccheaus,WR,CHI,CAR,receptions,2.5296540159728105,2.5,0.4375893525251195,NA,NA,NA,NA,NA,NA,NA,NA
2026,1,Olamide Zaccheaus,WR,CHI,CAR,anytime_td,0.1852697702327264,0.5,0.1852697702327264,NA,NA,NA,NA,NA,NA,NA,NA
2026,1,J.K. Dobbins,RB,DEN,KC,receptions,1.3022177778665973,1.5,0.33577408537981496,NA,NA,NA,NA,NA,NA,NA,NA
2026,1,J.K. Dobbins,RB,DEN,KC,anytime_td,0.34887366038674517,0.5,0.34887366038674517,NA,NA,NA,NA,NA,NA,NA,NA
2026,1,Tyler Huntley,QB,BAL,IND,pass_yards,119.1336894042779,120.5,0.4901833183870176,NA,NA,NA,NA,NA,NA,NA,NA
2026,1,Tyler Huntley,QB,BAL,IND,pass_tds,1.3041048442134433,1.5,0.3633628916856301,NA,NA,NA,NA,NA,NA,NA,NA
2026,1,Tyler Huntley,QB,BAL,IND,anytime_td,0.24662730735799865,0.5,0.24662730735799865,NA,NA,NA,NA,NA,NA,NA,NA
2026,1,Cole Kmet,TE,CHI,CAR,receptions,2.0475415413269316,2.5,0.32968786126965727,NA,NA,NA,NA,NA,NA,NA,NA
2026,1,Cole Kmet,TE,CHI,CAR,anytime_td,0.15223615028512993,0.5,0.15223615028512993,NA,NA,NA,NA,NA,NA,NA,NA
2026,1,Darnell Mooney,WR,ATL,PIT,receptions,2.639343475184777,2.5,0.4513852977849956,NA,NA,NA,NA,NA,NA,NA,NA
2026,1,Darnell Mooney,WR,ATL,PIT,anytime_td,0.15074299109655565,0.5,0.15074299109655565,NA,NA,NA,NA,NA,NA,NA,NA
2026,1,Tee Higgins,WR,CIN,TB,receptions,5.137345893655516,5.5,0.39805615221167345,NA,NA,NA,NA,NA,NA,NA,NA
2026,1,Tee Higgins,WR,CIN,TB,anytime_td,0.39764071690523706,0.5,0.39764071690523706,NA,NA,NA,NA,NA,NA,NA,NA
2026,1,Harrison Bryant,TE,HOU,BUF,receptions,1.062139651603616,1.5,0.2807617128064759,NA,NA,NA,NA,NA,NA,NA,NA
2026,1,Harrison Bryant,TE,HOU,BUF,anytime_td,0.09721810197204972,0.5,0.09721810197204972,NA,NA,NA,NA,NA,NA,NA,NA
2026,1,CeeDee Lamb,WR,DAL,NYG,receptions,5.655747742284007,5.5,0.45834565122730825,NA,NA,NA,NA,NA,NA,NA,NA
2026,1,CeeDee Lamb,WR,DAL,NYG,anytime_td,0.3426654022830691,0.5,0.3426654022830691,NA,NA,NA,NA,NA,NA,NA,NA
2026,1,Jerry Jeudy,WR,CLE,JAX,receptions,3.4189444355145233,3.5,0.4135694262162308,NA,NA,NA,NA,NA,NA,NA,NA
2026,1,Jerry Jeudy,WR,CLE,JAX,anytime_td,0.1707614468310077,0.5,0.1707614468310077,NA,NA,NA,NA,NA,NA,NA,NA
2026,1,D'Andre Swift,RB,CHI,CAR,receptions,1.7451036414147076,1.5,0.4623576621066945,NA,NA,NA,NA,NA,NA,NA,NA
2026,1,D'Andre Swift,RB,CHI,CAR,anytime_td,0.44165144630603914,0.5,0.44165144630603914,NA,NA,NA,NA,NA,NA,NA,NA
2026,1,AJ Dillon,RB,PHI,WAS,receptions,0.5898907829664103,0.5,0.34704160703471937,NA,NA,NA,NA,NA,NA,NA,NA
2026,1,AJ Dillon,RB,PHI,WAS,anytime_td,0.14929584584853162,0.5,0.14929584584853162,NA,NA,NA,NA,NA,NA,NA,NA
2026,1,Jordan Love,QB,GB,MIN,pass_yards,196.36874556004997,195.5,0.5166854667557297,NA,NA,NA,NA,NA,NA,NA,NA
2026,1,Jordan Love,QB,GB,MIN,pass_tds,1.3407518048259166,1.5,0.3701254756569571,NA,NA,NA,NA,NA,NA,NA,NA
2026,1,Jordan Love,QB,GB,MIN,anytime_td,0.10161252534694065,0.5,0.10161252534694065,NA,NA,NA,NA,NA,NA,NA,NA
2026,1,Michael Pittman,WR,IND,BAL,receptions,4.557883181771216,4.5,0.4421088358924097,NA,NA,NA,NA,NA,NA,NA,NA
2026,1,Michael Pittman,WR,IND,BAL,anytime_td,0.24873809999008523,0.5,0.24873809999008523,NA,NA,NA,NA,NA,NA,NA,NA
2026,1,Jonathan Taylor,RB,IND,BAL,receptions,2.660951202677965,2.5,0.4392855513711701,NA,NA,NA,NA,NA,NA,NA,NA
2026,1,Jonathan Taylor,RB,IND,BAL,anytime_td,0.5403569309271854,0.5,0.5403569309271854,NA,NA,NA,NA,NA,NA,NA,NA
2026,1,Van Jefferson,WR,TEN,NYJ,receptions,2.125119568353897,2.5,0.3459900914571841,NA,NA,NA,NA,NA,NA,NA,NA
2026,1,Van Jefferson,WR,TEN,NYJ,anytime_td,0.16087997545176103,0.5,0.16087997545176103,NA,NA,NA,NA,NA,NA,NA,NA
2026,1,Tua Tagovailoa,QB,MIA,LV,pass_yards,180.00244429420357,180.5,0.489624806741055,NA,NA,NA,NA,NA,NA,NA,NA
2026,1,Tua Tagovailoa,QB,MIA,LV,pass_tds,1.1962959678952523,1.5,0.3418142655602598,NA,NA,NA,NA,NA,NA,NA,NA
2026,1,Tua Tagovailoa,QB,MIA,LV,anytime_td,0.046897075290253554,0.5,0.046897075290253554,NA,NA,NA,NA,NA,NA,NA,NA
2026,1,Justin Jefferson,WR,MIN,GB,receptions,5.231258103678735,5.5,0.4111264443402984,NA,NA,NA,NA,NA,NA,NA,NA
2026,1,Justin Jefferson,WR,MIN,GB,anytime_td,0.3025223754527664,0.5,0.3025223754527664,NA,NA,NA,NA,NA,NA,NA,NA
2026,1,Juwan Johnson,TE,NO,DET,receptions,4.139747293301383,4.5,0.3857367659470179,NA,NA,NA,NA,NA,NA,NA,NA
2026,1,Juwan Johnson,TE,NO,DET,anytime_td,0.2033832216488971,0.5,0.2033832216488971,NA,NA,NA,NA,NA,NA,NA,NA
2026,1,Jalen Hurts,QB,PHI,WAS,pass_yards,220.8972666616275,220.5,0.49968787289517963,NA,NA,NA,NA,NA,NA,NA,NA
2026,1,Jalen Hurts,QB,PHI,WAS,pass_tds,1.72006900095004,1.5,0.5390767841798143,NA,NA,NA,NA,NA,NA,NA,NA
2026,1,Jalen Hurts,QB,PHI,WAS,anytime_td,0.35357282010222024,0.5,0.35357282010222024,NA,NA,NA,NA,NA,NA,NA,NA
2026,1,Justin Herbert,QB,LAC,ARI,pass_yards,244.67795088473224,245.5,0.4645081640556231,NA,NA,NA,NA,NA,NA,NA,NA
2026,1,Justin Herbert,QB,LAC,ARI,pass_tds,1.871523089426797,1.5,0.5826289085279649,NA,NA,NA,NA,NA,NA,NA,NA
2026,1,Justin Herbert,QB,LAC,ARI,anytime_td,0.2832565766374051,0.5,0.2832565766374051,NA,NA,NA,NA,NA,NA,NA,NA
2026,1,Jauan Jennings,WR,SF,LA,receptions,4.332653610599936,4.5,0.4180729109144927,NA,NA,NA,NA,NA,NA,NA,NA
2026,1,Jauan Jennings,WR,SF,LA,anytime_td,0.2762365412116803,0.5,0.2762365412116803,NA,NA,NA,NA,NA,NA,NA,NA
2026,1,Colby Parkinson,TE,LA,SF,receptions,3.453564761165646,3.5,0.4212342826990368,NA,NA,NA,NA,NA,NA,NA,NA
2026,1,Colby Parkinson,TE,LA,SF,anytime_td,0.24592922203626377,0.5,0.24592922203626377,NA,NA,NA,NA,NA,NA,NA,NA
2026,1,Tyler Johnson,WR,NYJ,TEN,receptions,1.4059149488186962,1.5,0.36796942328418925,NA,NA,NA,NA,NA,NA,NA,NA
2026,1,Tyler Johnson,WR,NYJ,TEN,anytime_td,0.06618944320335718,0.5,0.06618944320335718,NA,NA,NA,NA,NA,NA,NA,NA
2026,1,Rico Dowdle,RB,CAR,CHI,receptions,2.3020291837396827,2.5,0.3666778036466437,NA,NA,NA,NA,NA,NA,NA,NA
2026,1,Rico Dowdle,RB,CAR,CHI,anytime_td,0.4218089686916625,0.5,0.4218089686916625,NA,NA,NA,NA,NA,NA,NA,NA
2026,1,Nick Westbrook-Ikhine,WR,MIA,LV,receptions,1.366407286809418,1.5,0.36828200097201774,NA,NA,NA,NA,NA,NA,NA,NA
2026,1,Nick Westbrook-Ikhine,WR,MIA,LV,anytime_td,0.10737738779249584,0.5,0.10737738779249584,NA,NA,NA,NA,NA,NA,NA,NA
2026,1,Kyle Pitts,TE,ATL,PIT,receptions,4.775244062079825,4.5,0.48047135096701415,NA,NA,NA,NA,NA,NA,NA,NA
2026,1,Kyle Pitts,TE,ATL,PIT,anytime_td,0.21185539053884972,0.5,0.21185539053884972,NA,NA,NA,NA,NA,NA,NA,NA
2026,1,Rashod Bateman,WR,BAL,IND,receptions,1.730204236992921,1.5,0.45819683328247984,NA,NA,NA,NA,NA,NA,NA,NA
2026,1,Rashod Bateman,WR,BAL,IND,anytime_td,0.14930762970382272,0.5,0.14930762970382272,NA,NA,NA,NA,NA,NA,NA,NA
2026,1,Chuba Hubbard,RB,CAR,CHI,receptions,1.7355301444913445,1.5,0.45915100629166966,NA,NA,NA,NA,NA,NA,NA,NA
2026,1,Chuba Hubbard,RB,CAR,CHI,anytime_td,0.2981737069586762,0.5,0.2981737069586762,NA,NA,NA,NA,NA,NA,NA,NA
2026,1,Tommy Tremble,TE,CAR,CHI,receptions,1.6831573660321428,1.5,0.42728726778028964,NA,NA,NA,NA,NA,NA,NA,NA
2026,1,Tommy Tremble,TE,CAR,CHI,anytime_td,0.13985498634219518,0.5,0.13985498634219518,NA,NA,NA,NA,NA,NA,NA,NA
2026,1,Justin Fields,QB,NYJ,TEN,pass_yards,147.0664338971552,145.5,0.5103874899739942,NA,NA,NA,NA,NA,NA,NA,NA
2026,1,Justin Fields,QB,NYJ,TEN,pass_tds,1.1541805290244804,1.5,0.33248310336623194,NA,NA,NA,NA,NA,NA,NA,NA
2026,1,Justin Fields,QB,NYJ,TEN,anytime_td,0.27870971353413343,0.5,0.27870971353413343,NA,NA,NA,NA,NA,NA,NA,NA
2026,1,Ja'Marr Chase,WR,CIN,TB,receptions,8.539652533824741,8.5,0.46971468838390434,NA,NA,NA,NA,NA,NA,NA,NA
2026,1,Ja'Marr Chase,WR,CIN,TB,anytime_td,0.4964970541358822,0.5,0.4964970541358822,NA,NA,NA,NA,NA,NA,NA,NA
2026,1,Javonte Williams,RB,DAL,NYG,receptions,1.905704355299695,1.5,0.4828400077599688,NA,NA,NA,NA,NA,NA,NA,NA
2026,1,Javonte Williams,RB,DAL,NYG,anytime_td,0.4858748430632044,0.5,0.4858748430632044,NA,NA,NA,NA,NA,NA,NA,NA
2026,1,Amon-Ra St. Brown,WR,DET,NO,receptions,6.860296594308077,6.5,0.4844426704906616,NA,NA,NA,NA,NA,NA,NA,NA
2026,1,Amon-Ra St. Brown,WR,DET,NO,anytime_td,0.4603795789600099,0.5,0.4603795789600099,NA,NA,NA,NA,NA,NA,NA,NA
2026,1,Nico Collins,WR,HOU,BUF,receptions,4.441187952751461,4.5,0.43230094571252975,NA,NA,NA,NA,NA,NA,NA,NA
2026,1,Nico Collins,WR,HOU,BUF,anytime_td,0.32054769003783024,0.5,0.32054769003783024,NA,NA,NA,NA,NA,NA,NA,NA
2026,1,Davis Mills,QB,HOU,BUF,pass_yards,115.55104641439677,115.5,0.4994560163333899,NA,NA,NA,NA,NA,NA,NA,NA
2026,1,Davis Mills,QB,HOU,BUF,pass_tds,1.293974510029183,1.5,0.36144666190755737,NA,NA,NA,NA,NA,NA,NA,NA
2026,1,Davis Mills,QB,HOU,BUF,anytime_td,0.07331651632962777,0.5,0.07331651632962777,NA,NA,NA,NA,NA,NA,NA,NA
2026,1,Travis Etienne,RB,JAX,CLE,receptions,1.906550675326699,1.5,0.5091252911784514,NA,NA,NA,NA,NA,NA,NA,NA
2026,1,Travis Etienne,RB,JAX,CLE,anytime_td,0.46158304331094013,0.5,0.46158304331094013,NA,NA,NA,NA,NA,NA,NA,NA
2026,1,Luke Farrell,TE,SF,LA,receptions,1.0604844024123177,1.5,0.2698686794960762,NA,NA,NA,NA,NA,NA,NA,NA
2026,1,Luke Farrell,TE,SF,LA,anytime_td,0.0986733322527803,0.5,0.0986733322527803,NA,NA,NA,NA,NA,NA,NA,NA
2026,1,Trevor Lawrence,QB,JAX,CLE,pass_yards,223.9246269598232,225.5,0.4757049615393171,NA,NA,NA,NA,NA,NA,NA,NA
2026,1,Trevor Lawrence,QB,JAX,CLE,pass_tds,1.6121215659671195,1.5,0.5069133728445749,NA,NA,NA,NA,NA,NA,NA,NA
2026,1,Trevor Lawrence,QB,JAX,CLE,anytime_td,0.2656264236160609,0.5,0.2656264236160609,NA,NA,NA,NA,NA,NA,NA,NA
2026,1,Noah Gray,TE,KC,DEN,receptions,1.7836392088465625,1.5,0.47386181761683277,NA,NA,NA,NA,NA,NA,NA,NA
2026,1,Noah Gray,TE,KC,DEN,anytime_td,0.12018961655311156,0.5,0.12018961655311156,NA,NA,NA,NA,NA,NA,NA,NA
2026,1,Hunter Long,TE,JAX,CLE,receptions,1.2486640503326645,1.5,0.3447317350471763,NA,NA,NA,NA,NA,NA,NA,NA
2026,1,Hunter Long,TE,JAX,CLE,anytime_td,0.14139193031237984,0.5,0.14139193031237984,NA,NA,NA,NA,NA,NA,NA,NA
2026,1,Jaylen Waddle,WR,MIA,LV,receptions,3.676804263578826,3.5,0.4569020452749818,NA,NA,NA,NA,NA,NA,NA,NA
2026,1,Jaylen Waddle,WR,MIA,LV,anytime_td,0.2218220636424878,0.5,0.2218220636424878,NA,NA,NA,NA,NA,NA,NA,NA
2026,1,Mac Jones,QB,SF,LA,pass_yards,239.13852722819286,240.5,0.4861598679163285,NA,NA,NA,NA,NA,NA,NA,NA
2026,1,Mac Jones,QB,SF,LA,pass_tds,1.4769096254993466,1.5,0.44646745283665135,NA,NA,NA,NA,NA,NA,NA,NA
2026,1,Mac Jones,QB,SF,LA,anytime_td,0.10982998151888912,0.5,0.10982998151888912,NA,NA,NA,NA,NA,NA,NA,NA
2026,1,Rhamondre Stevenson,RB,NE,SEA,receptions,2.173395425116227,2.5,0.35314061966621735,NA,NA,NA,NA,NA,NA,NA,NA
2026,1,Rhamondre Stevenson,RB,NE,SEA,anytime_td,0.31173893869611735,0.5,0.31173893869611735,NA,NA,NA,NA,NA,NA,NA,NA
2026,1,Michael Carter,RB,ARI,LAC,receptions,2.3318993476459577,2.5,0.3870711239615093,NA,NA,NA,NA,NA,NA,NA,NA
2026,1,Michael Carter,RB,ARI,LAC,anytime_td,0.18252418933738457,0.5,0.18252418933738457,NA,NA,NA,NA,NA,NA,NA,NA
2026,1,Elijah Moore,WR,BUF,HOU,receptions,1.4820288092283032,1.5,0.38583470616165405,NA,NA,NA,NA,NA,NA,NA,NA
2026,1,Elijah Moore,WR,BUF,HOU,anytime_td,0.12992438552060503,0.5,0.12992438552060503,NA,NA,NA,NA,NA,NA,NA,NA
2026,1,Kenneth Gainwell,RB,PIT,ATL,receptions,3.9571652525762397,3.5,0.4983448775303348,NA,NA,NA,NA,NA,NA,NA,NA
2026,1,Kenneth Gainwell,RB,PIT,ATL,anytime_td,0.3195366432265182,0.5,0.3195366432265182,NA,NA,NA,NA,NA,NA,NA,NA
2026,1,DeVonta Smith,WR,PHI,WAS,receptions,4.342618297934602,4.5,0.41136793500395885,NA,NA,NA,NA,NA,NA,NA,NA
2026,1,DeVonta Smith,WR,PHI,WAS,anytime_td,0.33435292280668627,0.5,0.33435292280668627,NA,NA,NA,NA,NA,NA,NA,NA
2026,1,Pat Freiermuth,TE,PIT,ATL,receptions,2.602512440900755,2.5,0.4523186460728491,NA,NA,NA,NA,NA,NA,NA,NA
2026,1,Pat Freiermuth,TE,PIT,ATL,anytime_td,0.17260909257691293,0.5,0.17260909257691293,NA,NA,NA,NA,NA,NA,NA,NA
2026,1,Josh Palmer,WR,BUF,HOU,receptions,1.7014353696614142,1.5,0.46298874237882476,NA,NA,NA,NA,NA,NA,NA,NA
2026,1,Josh Palmer,WR,BUF,HOU,anytime_td,0.10624558401858841,0.5,0.10624558401858841,NA,NA,NA,NA,NA,NA,NA,NA
2026,1,Dee Eskridge,WR,MIA,LV,receptions,0.686507968971142,0.5,0.463916135590466,NA,NA,NA,NA,NA,NA,NA,NA
2026,1,Dee Eskridge,WR,MIA,LV,anytime_td,0.04133201410109533,0.5,0.04133201410109533,NA,NA,NA,NA,NA,NA,NA,NA
2026,1,John Bates,TE,WAS,PHI,receptions,1.140359683206042,1.5,0.29806459076509584,NA,NA,NA,NA,NA,NA,NA,NA
2026,1,John Bates,TE,WAS,PHI,anytime_td,0.09310952018102836,0.5,0.09310952018102836,NA,NA,NA,NA,NA,NA,NA,NA
2026,1,Dyami Brown,WR,JAX,CLE,receptions,1.4744932701883333,1.5,0.3786167795495936,NA,NA,NA,NA,NA,NA,NA,NA
2026,1,Dyami Brown,WR,JAX,CLE,anytime_td,0.11757561713543674,0.5,0.11757561713543674,NA,NA,NA,NA,NA,NA,NA,NA
2026,1,Adam Prentice,RB,DEN,KC,receptions,0.47507093354532454,0.5,0.3147058961713801,NA,NA,NA,NA,NA,NA,NA,NA
2026,1,Adam Prentice,RB,DEN,KC,anytime_td,0.015780091557358378,0.5,0.015780091557358378,NA,NA,NA,NA,NA,NA,NA,NA
2026,1,Jack Stoll,TE,NO,DET,receptions,0.870739851960626,0.5,0.460705771893431,NA,NA,NA,NA,NA,NA,NA,NA
2026,1,Jack Stoll,TE,NO,DET,anytime_td,0.09645889427945342,0.5,0.09645889427945342,NA,NA,NA,NA,NA,NA,NA,NA
2026,1,Jaret Patterson,RB,LAC,ARI,receptions,0.7775901060634839,0.5,0.3725372512976841,NA,NA,NA,NA,NA,NA,NA,NA
2026,1,Jaret Patterson,RB,LAC,ARI,anytime_td,0.24289177987904198,0.5,0.24289177987904198,NA,NA,NA,NA,NA,NA,NA,NA
2026,1,Brock Wright,TE,DET,NO,receptions,1.9157926295436818,1.5,0.4861390205156443,NA,NA,NA,NA,NA,NA,NA,NA
2026,1,Brock Wright,TE,DET,NO,anytime_td,0.16435930622748784,0.5,0.16435930622748784,NA,NA,NA,NA,NA,NA,NA,NA
2026,1,Tyler Allgeier,RB,ATL,PIT,receptions,0.6801159418184755,0.5,0.41175572296914925,NA,NA,NA,NA,NA,NA,NA,NA
2026,1,Tyler Allgeier,RB,ATL,PIT,anytime_td,0.21749762424638341,0.5,0.21749762424638341,NA,NA,NA,NA,NA,NA,NA,NA
2026,1,John FitzPatrick,TE,GB,MIN,receptions,1.051596682460768,1.5,0.278442628461123,NA,NA,NA,NA,NA,NA,NA,NA
2026,1,John FitzPatrick,TE,GB,MIN,anytime_td,0.10697339068113776,0.5,0.10697339068113776,NA,NA,NA,NA,NA,NA,NA,NA
2026,1,Drake London,WR,ATL,PIT,receptions,4.986556828929321,4.5,0.5029922740301445,NA,NA,NA,NA,NA,NA,NA,NA
2026,1,Drake London,WR,ATL,PIT,anytime_td,0.31154819572703596,0.5,0.31154819572703596,NA,NA,NA,NA,NA,NA,NA,NA
2026,1,Tyler Badie,RB,DEN,KC,receptions,1.2773991851942592,1.5,0.3398005441232291,NA,NA,NA,NA,NA,NA,NA,NA
2026,1,Tyler Badie,RB,DEN,KC,anytime_td,0.03282779919452694,0.5,0.03282779919452694,NA,NA,NA,NA,NA,NA,NA,NA
2026,1,Charlie Kolar,TE,BAL,IND,receptions,0.8804198565796392,0.5,0.5512980129475303,NA,NA,NA,NA,NA,NA,NA,NA
2026,1,Charlie Kolar,TE,BAL,IND,anytime_td,0.11499669689233238,0.5,0.11499669689233238,NA,NA,NA,NA,NA,NA,NA,NA
2026,1,Isaiah Likely,TE,BAL,IND,receptions,2.5661036620252404,2.5,0.4447414150474037,NA,NA,NA,NA,NA,NA,NA,NA
2026,1,Isaiah Likely,TE,BAL,IND,anytime_td,0.20208552517081035,0.5,0.20208552517081035,NA,NA,NA,NA,NA,NA,NA,NA
2026,1,James Cook,RB,BUF,HOU,receptions,1.5353178929515876,1.5,0.4090506553124745,NA,NA,NA,NA,NA,NA,NA,NA
2026,1,James Cook,RB,BUF,HOU,anytime_td,0.46987664361784076,0.5,0.46987664361784076,NA,NA,NA,NA,NA,NA,NA,NA
2026,1,Khalil Shakir,WR,BUF,HOU,receptions,4.123632365115133,4.5,0.3864733916885824,NA,NA,NA,NA,NA,NA,NA,NA
2026,1,Khalil Shakir,WR,BUF,HOU,anytime_td,0.22344655308768335,0.5,0.22344655308768335,NA,NA,NA,NA,NA,NA,NA,NA
2026,1,Jake Tonges,TE,SF,LA,receptions,3.235702032139239,3.5,0.37529200373543825,NA,NA,NA,NA,NA,NA,NA,NA
2026,1,Jake Tonges,TE,SF,LA,anytime_td,0.23245279972869726,0.5,0.23245279972869726,NA,NA,NA,NA,NA,NA,NA,NA
2026,1,Jerome Ford,RB,CLE,JAX,receptions,1.4802609530536908,1.5,0.3800190363455936,NA,NA,NA,NA,NA,NA,NA,NA
2026,1,Jerome Ford,RB,CLE,JAX,anytime_td,0.06955313727358181,0.5,0.06955313727358181,NA,NA,NA,NA,NA,NA,NA,NA
2026,1,Jake Ferguson,TE,DAL,NYG,receptions,3.710359062183432,3.5,0.455008552229404,NA,NA,NA,NA,NA,NA,NA,NA
2026,1,Jake Ferguson,TE,DAL,NYG,anytime_td,0.23921865267949027,0.5,0.23921865267949027,NA,NA,NA,NA,NA,NA,NA,NA
2026,1,Jalen Tolbert,WR,DAL,NYG,receptions,1.9135042251987968,1.5,0.4753829410020584,NA,NA,NA,NA,NA,NA,NA,NA
2026,1,Jalen Tolbert,WR,DAL,NYG,anytime_td,0.1424708168461759,0.5,0.1424708168461759,NA,NA,NA,NA,NA,NA,NA,NA
2026,1,Jameson Williams,WR,DET,NO,receptions,4.244792211050957,4.5,0.3953760618328731,NA,NA,NA,NA,NA,NA,NA,NA
2026,1,Jameson Williams,WR,DET,NO,anytime_td,0.34443887084521596,0.5,0.34443887084521596,NA,NA,NA,NA,NA,NA,NA,NA
2026,1,Romeo Doubs,WR,GB,MIN,receptions,3.0825844434715792,3.5,0.361069529550841,NA,NA,NA,NA,NA,NA,NA,NA
2026,1,Romeo Doubs,WR,GB,MIN,anytime_td,0.22609047615045952,0.5,0.22609047615045952,NA,NA,NA,NA,NA,NA,NA,NA
2026,1,Tyler Goodson,RB,IND,BAL,receptions,0.5621230081057684,0.5,0.32509388111597387,NA,NA,NA,NA,NA,NA,NA,NA
2026,1,Tyler Goodson,RB,IND,BAL,anytime_td,0.049612212502945674,0.5,0.049612212502945674,NA,NA,NA,NA,NA,NA,NA,NA
2026,1,Christian Watson,WR,GB,MIN,receptions,3.4109344874111303,3.5,0.4169456299220113,NA,NA,NA,NA,NA,NA,NA,NA
2026,1,Christian Watson,WR,GB,MIN,anytime_td,0.2506587919718807,0.5,0.2506587919718807,NA,NA,NA,NA,NA,NA,NA,NA
2026,1,Hassan Haskins,RB,LAC,ARI,receptions,0.4278931445375382,0.5,0.2848671633755304,NA,NA,NA,NA,NA,NA,NA,NA
2026,1,Hassan Haskins,RB,LAC,ARI,anytime_td,0.08032959313584942,0.5,0.08032959313584942,NA,NA,NA,NA,NA,NA,NA,NA
2026,1,Chig Okonkwo,TE,TEN,NYJ,receptions,3.0890766354265664,3.5,0.36462570478774975,NA,NA,NA,NA,NA,NA,NA,NA
2026,1,Chig Okonkwo,TE,TEN,NYJ,anytime_td,0.20680405698239235,0.5,0.20680405698239235,NA,NA,NA,NA,NA,NA,NA,NA
2026,1,Alec Pierce,WR,IND,BAL,receptions,3.4168746393308917,3.5,0.41785431604840506,NA,NA,NA,NA,NA,NA,NA,NA
2026,1,Alec Pierce,WR,IND,BAL,anytime_td,0.2649666942237121,0.5,0.2649666942237121,NA,NA,NA,NA,NA,NA,NA,NA
2026,1,Skyy Moore,WR,SF,LA,receptions,0.6653199567290695,0.5,0.41795968027451763,NA,NA,NA,NA,NA,NA,NA,NA
2026,1,Skyy Moore,WR,SF,LA,anytime_td,0.031237394221993675,0.5,0.031237394221993675,NA,NA,NA,NA,NA,NA,NA,NA
2026,1,Isiah Pacheco,RB,KC,DEN,receptions,1.716743674884926,1.5,0.35604227552517337,NA,NA,NA,NA,NA,NA,NA,NA
2026,1,Isiah Pacheco,RB,KC,DEN,anytime_td,0.28553851729193447,0.5,0.28553851729193447,NA,NA,NA,NA,NA,NA,NA,NA
2026,1,Kyren Williams,RB,LA,SF,receptions,2.064978406812302,2.5,0.3289208891944022,NA,NA,NA,NA,NA,NA,NA,NA
2026,1,Kyren Williams,RB,LA,SF,anytime_td,0.4736410132209047,0.5,0.4736410132209047,NA,NA,NA,NA,NA,NA,NA,NA
2026,1,Jalen Nailor,WR,MIN,GB,receptions,1.7674659023177706,1.5,0.46535780623700274,NA,NA,NA,NA,NA,NA,NA,NA
2026,1,Jalen Nailor,WR,MIN,GB,anytime_td,0.1328162917121729,0.5,0.1328162917121729,NA,NA,NA,NA,NA,NA,NA,NA
2026,1,Tyquan Thornton,WR,KC,DEN,receptions,1.600732012606763,1.5,0.4182182710548428,NA,NA,NA,NA,NA,NA,NA,NA
2026,1,Tyquan Thornton,WR,KC,DEN,anytime_td,0.11558485823380649,0.5,0.11558485823380649,NA,NA,NA,NA,NA,NA,NA,NA
2026,1,Chris Olave,WR,NO,DET,receptions,6.223310512600891,6.5,0.41227365578227315,NA,NA,NA,NA,NA,NA,NA,NA
2026,1,Chris Olave,WR,NO,DET,anytime_td,0.3880652020995117,0.5,0.3880652020995117,NA,NA,NA,NA,NA,NA,NA,NA
2026,1,Daniel Bellinger,TE,NYG,DAL,receptions,1.5112512340500743,1.5,0.41626937429539784,NA,NA,NA,NA,NA,NA,NA,NA
2026,1,Daniel Bellinger,TE,NYG,DAL,anytime_td,0.13665248982476352,0.5,0.13665248982476352,NA,NA,NA,NA,NA,NA,NA,NA
2026,1,Wan'Dale Robinson,WR,NYG,DAL,receptions,6.463469955971328,6.5,0.44960476924598874,NA,NA,NA,NA,NA,NA,NA,NA
2026,1,Wan'Dale Robinson,WR,NYG,DAL,anytime_td,0.36900556728488076,0.5,0.36900556728488076,NA,NA,NA,NA,NA,NA,NA,NA
2026,1,Breece Hall,RB,NYJ,TEN,receptions,1.8427521462198324,1.5,0.4873781162141451,NA,NA,NA,NA,NA,NA,NA,NA
2026,1,Breece Hall,RB,NYJ,TEN,anytime_td,0.3931590479234841,0.5,0.3931590479234841,NA,NA,NA,NA,NA,NA,NA,NA
2026,1,Bam Knight,RB,ARI,LAC,receptions,1.77940699412244,1.5,0.466749892215298,NA,NA,NA,NA,NA,NA,NA,NA
2026,1,Bam Knight,RB,ARI,LAC,anytime_td,0.20909909352825795,0.5,0.20909909352825795,NA,NA,NA,NA,NA,NA,NA,NA
2026,1,Jeremy Ruckert,TE,NYJ,TEN,receptions,1.5010245146445618,1.5,0.41108742626255934,NA,NA,NA,NA,NA,NA,NA,NA
2026,1,Jeremy Ruckert,TE,NYJ,TEN,anytime_td,0.0992175839788888,0.5,0.0992175839788888,NA,NA,NA,NA,NA,NA,NA,NA
2026,1,Garrett Wilson,WR,NYJ,TEN,receptions,5.2679843218547555,5.5,0.42044607800807243,NA,NA,NA,NA,NA,NA,NA,NA
2026,1,Garrett Wilson,WR,NYJ,TEN,anytime_td,0.3009842850172495,0.5,0.3009842850172495,NA,NA,NA,NA,NA,NA,NA,NA
2026,1,Trey McBride,TE,ARI,LAC,receptions,7.291972035482336,7.5,0.4314775705895536,NA,NA,NA,NA,NA,NA,NA,NA
2026,1,Trey McBride,TE,ARI,LAC,anytime_td,0.27755683835766587,0.5,0.27755683835766587,NA,NA,NA,NA,NA,NA,NA,NA
2026,1,Calvin Austin III,WR,PIT,ATL,receptions,2.176154934796182,2.5,0.3488349195227628,NA,NA,NA,NA,NA,NA,NA,NA
2026,1,Calvin Austin III,WR,PIT,ATL,anytime_td,0.159333714620431,0.5,0.159333714620431,NA,NA,NA,NA,NA,NA,NA,NA
2026,1,Connor Heyward,TE,PIT,ATL,receptions,0.5510606092088944,0.5,0.3180570965711268,NA,NA,NA,NA,NA,NA,NA,NA
2026,1,Connor Heyward,TE,PIT,ATL,anytime_td,0.1345647660880014,0.5,0.1345647660880014,NA,NA,NA,NA,NA,NA,NA,NA
2026,1,George Pickens,WR,DAL,NYG,receptions,5.409417969481942,5.5,0.4322510969824839,NA,NA,NA,NA,NA,NA,NA,NA
2026,1,George Pickens,WR,DAL,NYG,anytime_td,0.34411849942035067,0.5,0.34411849942035067,NA,NA,NA,NA,NA,NA,NA,NA
2026,1,Kenneth Walker III,RB,SEA,NE,receptions,1.966875326844769,1.5,0.5156748486875609,NA,NA,NA,NA,NA,NA,NA,NA
2026,1,Kenneth Walker III,RB,SEA,NE,anytime_td,0.3952986706835371,0.5,0.3952986706835371,NA,NA,NA,NA,NA,NA,NA,NA
2026,1,Cade Otton,TE,TB,CIN,receptions,4.323896387481254,4.5,0.39511834738396717,NA,NA,NA,NA,NA,NA,NA,NA
2026,1,Cade Otton,TE,TB,CIN,anytime_td,0.24953119067671903,0.5,0.24953119067671903,NA,NA,NA,NA,NA,NA,NA,NA
2026,1,Rachaad White,RB,TB,CIN,receptions,2.116778344973265,2.5,0.34054185269832343,NA,NA,NA,NA,NA,NA,NA,NA
2026,1,Rachaad White,RB,TB,CIN,anytime_td,0.25144251209806845,0.5,0.25144251209806845,NA,NA,NA,NA,NA,NA,NA,NA
2026,1,Jahan Dotson,WR,PHI,WAS,receptions,1.5173584983410582,1.5,0.39930116401325305,NA,NA,NA,NA,NA,NA,NA,NA
2026,1,Jahan Dotson,WR,PHI,WAS,anytime_td,0.134448185080269,0.5,0.134448185080269,NA,NA,NA,NA,NA,NA,NA,NA
2026,1,Brian Robinson,RB,SF,LA,receptions,0.5600442592860894,0.5,0.34171988673963394,NA,NA,NA,NA,NA,NA,NA,NA
2026,1,Brian Robinson,RB,SF,LA,anytime_td,0.16028657170862182,0.5,0.16028657170862182,NA,NA,NA,NA,NA,NA,NA,NA
2026,1,Jaylen Warren,RB,PIT,ATL,receptions,2.1437443697646734,2.5,0.3389968288873389,NA,NA,NA,NA,NA,NA,NA,NA
2026,1,Jaylen Warren,RB,PIT,ATL,anytime_td,0.40017862082194344,0.5,0.40017862082194344,NA,NA,NA,NA,NA,NA,NA,NA
2026,1,Malik Davis,RB,DAL,NYG,receptions,0.6167638880192575,0.5,0.3451002561481623,NA,NA,NA,NA,NA,NA,NA,NA
2026,1,Malik Davis,RB,DAL,NYG,anytime_td,0.21374962835353295,0.5,0.21374962835353295,NA,NA,NA,NA,NA,NA,NA,NA
2026,1,Tanner Conner,TE,MIA,LV,receptions,1.118286146656992,1.5,0.2999623073629933,NA,NA,NA,NA,NA,NA,NA,NA
2026,1,Tanner Conner,TE,MIA,LV,anytime_td,0.09214671751432157,0.5,0.09214671751432157,NA,NA,NA,NA,NA,NA,NA,NA
2026,1,Jordan Mason,RB,MIN,GB,receptions,0.5464414823478322,0.5,0.3241870046094779,NA,NA,NA,NA,NA,NA,NA,NA
2026,1,Jordan Mason,RB,MIN,GB,anytime_td,0.2660462178948184,0.5,0.2660462178948184,NA,NA,NA,NA,NA,NA,NA,NA
2026,1,KaVontae Turpin,WR,DAL,NYG,receptions,1.595865572218366,1.5,0.4337642291017855,NA,NA,NA,NA,NA,NA,NA,NA
2026,1,KaVontae Turpin,WR,DAL,NYG,anytime_td,0.15837155457671792,0.5,0.15837155457671792,NA,NA,NA,NA,NA,NA,NA,NA
2026,1,Bijan Robinson,RB,ATL,PIT,receptions,4.242725670051388,4.5,0.3925093950805908,NA,NA,NA,NA,NA,NA,NA,NA
2026,1,Bijan Robinson,RB,ATL,PIT,anytime_td,0.4690229899490006,0.5,0.4690229899490006,NA,NA,NA,NA,NA,NA,NA,NA
2026,1,Zay Flowers,WR,BAL,IND,receptions,5.434637790466265,5.5,0.43783011598894017,NA,NA,NA,NA,NA,NA,NA,NA
2026,1,Zay Flowers,WR,BAL,IND,anytime_td,0.38669115713648106,0.5,0.38669115713648106,NA,NA,NA,NA,NA,NA,NA,NA
2026,1,Dalton Kincaid,TE,BUF,HOU,receptions,2.808030710233143,2.5,0.48506243768273505,NA,NA,NA,NA,NA,NA,NA,NA
2026,1,Dalton Kincaid,TE,BUF,HOU,anytime_td,0.17866584679434505,0.5,0.17866584679434505,NA,NA,NA,NA,NA,NA,NA,NA
2026,1,Bryce Young,QB,CAR,CHI,pass_yards,184.83231198065482,185.5,0.4758271941910876,NA,NA,NA,NA,NA,NA,NA,NA
2026,1,Bryce Young,QB,CAR,CHI,pass_tds,1.3859531593190486,1.5,0.39435961565327704,NA,NA,NA,NA,NA,NA,NA,NA
2026,1,Bryce Young,QB,CAR,CHI,anytime_td,0.20223539074616292,0.5,0.20223539074616292,NA,NA,NA,NA,NA,NA,NA,NA
2026,1,Roschon Johnson,RB,CHI,CAR,receptions,0.81555935816174,0.5,0.40092828274620695,NA,NA,NA,NA,NA,NA,NA,NA
2026,1,Roschon Johnson,RB,CHI,CAR,anytime_td,0.13157729868327783,0.5,0.13157729868327783,NA,NA,NA,NA,NA,NA,NA,NA
2026,1,Chase Brown,RB,CIN,TB,receptions,4.389003082148952,4.5,0.4226386456872866,NA,NA,NA,NA,NA,NA,NA,NA
2026,1,Chase Brown,RB,CIN,TB,anytime_td,0.5428892728932027,0.5,0.5428892728932027,NA,NA,NA,NA,NA,NA,NA,NA
2026,1,Andrei Iosivas,WR,CIN,TB,receptions,2.5696280740899793,2.5,0.4252793363032804,NA,NA,NA,NA,NA,NA,NA,NA
2026,1,Andrei Iosivas,WR,CIN,TB,anytime_td,0.18731632184954372,0.5,0.18731632184954372,NA,NA,NA,NA,NA,NA,NA,NA
2026,1,Luke Schoonmaker,TE,DAL,NYG,receptions,1.2147651727851891,1.5,0.326673825431159,NA,NA,NA,NA,NA,NA,NA,NA
2026,1,Luke Schoonmaker,TE,DAL,NYG,anytime_td,0.1050207270971637,0.5,0.1050207270971637,NA,NA,NA,NA,NA,NA,NA,NA
2026,1,Marvin Mims Jr.,WR,DEN,KC,receptions,2.26363108456088,2.5,0.3680667148412916,NA,NA,NA,NA,NA,NA,NA,NA
2026,1,Marvin Mims Jr.,WR,DEN,KC,anytime_td,0.11661372007167858,0.5,0.11661372007167858,NA,NA,NA,NA,NA,NA,NA,NA
2026,1,Sam LaPorta,TE,DET,NO,receptions,4.5655445123812815,4.5,0.450052503786533,NA,NA,NA,NA,NA,NA,NA,NA
2026,1,Sam LaPorta,TE,DET,NO,anytime_td,0.2868940372158021,0.5,0.2868940372158021,NA,NA,NA,NA,NA,NA,NA,NA
2026,1,Jahmyr Gibbs,RB,DET,NO,receptions,4.040596059429323,4.5,0.36773455860563786,NA,NA,NA,NA,NA,NA,NA,NA
2026,1,Jahmyr Gibbs,RB,DET,NO,anytime_td,0.5882499516830413,0.5,0.5882499516830413,NA,NA,NA,NA,NA,NA,NA,NA
2026,1,Dontayvion Wicks,WR,GB,MIN,receptions,2.154686994113201,2.5,0.3436568729398676,NA,NA,NA,NA,NA,NA,NA,NA
2026,1,Dontayvion Wicks,WR,GB,MIN,anytime_td,0.1388948369696118,0.5,0.1388948369696118,NA,NA,NA,NA,NA,NA,NA,NA
2026,1,Tucker Kraft,TE,GB,MIN,receptions,3.2768168130138684,3.5,0.3876516507667474,NA,NA,NA,NA,NA,NA,NA,NA
2026,1,Tucker Kraft,TE,GB,MIN,anytime_td,0.24381233808150338,0.5,0.24381233808150338,NA,NA,NA,NA,NA,NA,NA,NA
2026,1,Luke Musgrave,TE,GB,MIN,receptions,1.79849994549608,1.5,0.4787557366678405,NA,NA,NA,NA,NA,NA,NA,NA
2026,1,Luke Musgrave,TE,GB,MIN,anytime_td,0.11400516239551517,0.5,0.11400516239551517,NA,NA,NA,NA,NA,NA,NA,NA
2026,1,Tyjae Spears,RB,TEN,NYJ,receptions,2.971276956892786,2.5,0.5134477606197914,NA,NA,NA,NA,NA,NA,NA,NA
2026,1,Tyjae Spears,RB,TEN,NYJ,anytime_td,0.2509442067145292,0.5,0.2509442067145292,NA,NA,NA,NA,NA,NA,NA,NA
2026,1,C.J. Stroud,QB,HOU,BUF,pass_yards,211.22887305467992,210.5,0.486482010368561,NA,NA,NA,NA,NA,NA,NA,NA
2026,1,C.J. Stroud,QB,HOU,BUF,pass_tds,1.4221421498409235,1.5,0.4151607382489315,NA,NA,NA,NA,NA,NA,NA,NA
2026,1,C.J. Stroud,QB,HOU,BUF,anytime_td,0.1368971922602632,0.5,0.1368971922602632,NA,NA,NA,NA,NA,NA,NA,NA
2026,1,Xavier Hutchinson,WR,HOU,BUF,receptions,2.199371008885514,2.5,0.3468145001221291,NA,NA,NA,NA,NA,NA,NA,NA
2026,1,Xavier Hutchinson,WR,HOU,BUF,anytime_td,0.13217697466973788,0.5,0.13217697466973788,NA,NA,NA,NA,NA,NA,NA,NA
2026,1,Josh Downs,WR,IND,BAL,receptions,4.045101720409831,4.5,0.37331583202407664,NA,NA,NA,NA,NA,NA,NA,NA
2026,1,Josh Downs,WR,IND,BAL,anytime_td,0.2622097116627854,0.5,0.2622097116627854,NA,NA,NA,NA,NA,NA,NA,NA
2026,1,Tank Bigsby,RB,PHI,WAS,receptions,0.4000632755433021,0.5,0.27598457188421244,NA,NA,NA,NA,NA,NA,NA,NA
2026,1,Tank Bigsby,RB,PHI,WAS,anytime_td,0.2731612116091011,0.5,0.2731612116091011,NA,NA,NA,NA,NA,NA,NA,NA
2026,1,Parker Washington,WR,JAX,CLE,receptions,3.741871798319353,3.5,0.4663942947875103,NA,NA,NA,NA,NA,NA,NA,NA
2026,1,Parker Washington,WR,JAX,CLE,anytime_td,0.29674762481770867,0.5,0.29674762481770867,NA,NA,NA,NA,NA,NA,NA,NA
2026,1,Rashee Rice,WR,KC,DEN,receptions,6.038310013550826,6.5,0.3959388590982192,NA,NA,NA,NA,NA,NA,NA,NA
2026,1,Rashee Rice,WR,KC,DEN,anytime_td,0.367262588227686,0.5,0.367262588227686,NA,NA,NA,NA,NA,NA,NA,NA
2026,1,Xavier Smith,WR,LA,SF,receptions,1.9073392959060136,1.5,0.48997175733876785,NA,NA,NA,NA,NA,NA,NA,NA
2026,1,Xavier Smith,WR,LA,SF,anytime_td,0.09845915320991994,0.5,0.09845915320991994,NA,NA,NA,NA,NA,NA,NA,NA
2026,1,Davis Allen,TE,LA,SF,receptions,1.698242681112632,1.5,0.4577016537192255,NA,NA,NA,NA,NA,NA,NA,NA
2026,1,Davis Allen,TE,LA,SF,anytime_td,0.13163213130483575,0.5,0.13163213130483575,NA,NA,NA,NA,NA,NA,NA,NA
2026,1,Puka Nacua,WR,LA,SF,receptions,8.17142259418409,8.5,0.4267612651716843,NA,NA,NA,NA,NA,NA,NA,NA
2026,1,Puka Nacua,WR,LA,SF,anytime_td,0.45484025578687537,0.5,0.45484025578687537,NA,NA,NA,NA,NA,NA,NA,NA
2026,1,Michael Mayer,TE,LV,MIA,receptions,2.947125842120704,2.5,0.4633048086086181,NA,NA,NA,NA,NA,NA,NA,NA
2026,1,Michael Mayer,TE,LV,MIA,anytime_td,0.1825485427118575,0.5,0.1825485427118575,NA,NA,NA,NA,NA,NA,NA,NA
2026,1,Tre Tucker,WR,LV,MIA,receptions,3.2786063792558267,3.5,0.3941314273753605,NA,NA,NA,NA,NA,NA,NA,NA
2026,1,Tre Tucker,WR,LV,MIA,anytime_td,0.27453123329720097,0.5,0.27453123329720097,NA,NA,NA,NA,NA,NA,NA,NA
2026,1,De'Von Achane,RB,MIA,LV,receptions,3.3628057138148932,3.5,0.4040085516624575,NA,NA,NA,NA,NA,NA,NA,NA
2026,1,De'Von Achane,RB,MIA,LV,anytime_td,0.45802773394391827,0.5,0.45802773394391827,NA,NA,NA,NA,NA,NA,NA,NA
2026,1,Elijah Higgins,TE,ARI,LAC,receptions,2.051645828147738,2.5,0.31115746019107077,NA,NA,NA,NA,NA,NA,NA,NA
2026,1,Elijah Higgins,TE,ARI,LAC,anytime_td,0.08289961008663704,0.5,0.08289961008663704,NA,NA,NA,NA,NA,NA,NA,NA
2026,1,Jordan Addison,WR,MIN,GB,receptions,2.7357624847641655,2.5,0.44675650721815047,NA,NA,NA,NA,NA,NA,NA,NA
2026,1,Jordan Addison,WR,MIN,GB,anytime_td,0.236503198559453,0.5,0.236503198559453,NA,NA,NA,NA,NA,NA,NA,NA
2026,1,Kayshon Boutte,WR,NE,SEA,receptions,2.2754149861406567,2.5,0.3693021013228786,NA,NA,NA,NA,NA,NA,NA,NA
2026,1,Kayshon Boutte,WR,NE,SEA,anytime_td,0.1448649565913227,0.5,0.1448649565913227,NA,NA,NA,NA,NA,NA,NA,NA
2026,1,DeMario Douglas,WR,NE,SEA,receptions,1.8961899018145743,1.5,0.48250480321178596,NA,NA,NA,NA,NA,NA,NA,NA
2026,1,DeMario Douglas,WR,NE,SEA,anytime_td,0.11270174819939216,0.5,0.11270174819939216,NA,NA,NA,NA,NA,NA,NA,NA
2026,1,Kendre Miller,RB,NO,DET,receptions,0.6149257768059392,0.5,0.3777351105891527,NA,NA,NA,NA,NA,NA,NA,NA
2026,1,Kendre Miller,RB,NO,DET,anytime_td,0.18254282827767143,0.5,0.18254282827767143,NA,NA,NA,NA,NA,NA,NA,NA
2026,1,Jalin Hyatt,WR,NYG,DAL,receptions,1.4124574465322948,1.5,0.3662330779240858,NA,NA,NA,NA,NA,NA,NA,NA
2026,1,Jalin Hyatt,WR,NYG,DAL,anytime_td,0.09013535078228252,0.5,0.09013535078228252,NA,NA,NA,NA,NA,NA,NA,NA
2026,1,Michael Wilson,WR,ARI,LAC,receptions,4.753561318334372,4.5,0.4635272228583919,NA,NA,NA,NA,NA,NA,NA,NA
2026,1,Michael Wilson,WR,ARI,LAC,anytime_td,0.28534961657400415,0.5,0.28534961657400415,NA,NA,NA,NA,NA,NA,NA,NA
2026,1,Darnell Washington,TE,PIT,ATL,receptions,2.2230891044587606,2.5,0.3617985497260134,NA,NA,NA,NA,NA,NA,NA,NA
2026,1,Darnell Washington,TE,PIT,ATL,anytime_td,0.1310600637978061,0.5,0.1310600637978061,NA,NA,NA,NA,NA,NA,NA,NA
2026,1,Quentin Johnston,WR,LAC,ARI,receptions,3.955645648281661,3.5,0.4997058118263038,NA,NA,NA,NA,NA,NA,NA,NA
2026,1,Quentin Johnston,WR,LAC,ARI,anytime_td,0.36240349726032106,0.5,0.36240349726032106,NA,NA,NA,NA,NA,NA,NA,NA
2026,1,Zach Charbonnet,RB,SEA,NE,receptions,1.3453589325728506,1.5,0.3433482397655017,NA,NA,NA,NA,NA,NA,NA,NA
2026,1,Zach Charbonnet,RB,SEA,NE,anytime_td,0.4357984402497751,0.5,0.4357984402497751,NA,NA,NA,NA,NA,NA,NA,NA
2026,1,Jaxon Smith-Njigba,WR,SEA,NE,receptions,6.629081739477151,6.5,0.4673547537375931,NA,NA,NA,NA,NA,NA,NA,NA
2026,1,Jaxon Smith-Njigba,WR,SEA,NE,anytime_td,0.4070710820254342,0.5,0.4070710820254342,NA,NA,NA,NA,NA,NA,NA,NA
2026,1,Chris Rodriguez Jr.,RB,WAS,PHI,receptions,0.313998931956698,0.5,0.22865749272807276,NA,NA,NA,NA,NA,NA,NA,NA
2026,1,Chris Rodriguez Jr.,RB,WAS,PHI,anytime_td,0.2803789762114739,0.5,0.2803789762114739,NA,NA,NA,NA,NA,NA,NA,NA
2026,1,Keaton Mitchell,RB,BAL,IND,receptions,0.8074632347279392,0.5,0.44021207427330517,NA,NA,NA,NA,NA,NA,NA,NA
2026,1,Keaton Mitchell,RB,BAL,IND,anytime_td,0.204437952967908,0.5,0.204437952967908,NA,NA,NA,NA,NA,NA,NA,NA
2026,1,Malik Heath,WR,GB,MIN,receptions,0.9553439113833045,0.5,0.5525964556054239,NA,NA,NA,NA,NA,NA,NA,NA
2026,1,Malik Heath,WR,GB,MIN,anytime_td,0.05274435381526321,0.5,0.05274435381526321,NA,NA,NA,NA,NA,NA,NA,NA
2026,1,Zavier Scott,RB,MIN,GB,receptions,0.9403199375195922,0.5,0.4880114478950197,NA,NA,NA,NA,NA,NA,NA,NA
2026,1,Zavier Scott,RB,MIN,GB,anytime_td,0.11341224730903421,0.5,0.11341224730903421,NA,NA,NA,NA,NA,NA,NA,NA
2026,1,Hunter Luepke,RB,DAL,NYG,receptions,1.1103207750645425,1.5,0.29550776055001393,NA,NA,NA,NA,NA,NA,NA,NA
2026,1,Hunter Luepke,RB,DAL,NYG,anytime_td,0.058382737905665394,0.5,0.058382737905665394,NA,NA,NA,NA,NA,NA,NA,NA
2026,1,Emanuel Wilson,RB,GB,MIN,receptions,0.72209090299253,0.5,0.40478283760209205,NA,NA,NA,NA,NA,NA,NA,NA
2026,1,Emanuel Wilson,RB,GB,MIN,anytime_td,0.24908572206428925,0.5,0.24908572206428925,NA,NA,NA,NA,NA,NA,NA,NA
2026,1,Nate Adkins,TE,DEN,KC,receptions,0.9263547888985056,0.5,0.48410767452503195,NA,NA,NA,NA,NA,NA,NA,NA
2026,1,Nate Adkins,TE,DEN,KC,anytime_td,0.1069760411492574,0.5,0.1069760411492574,NA,NA,NA,NA,NA,NA,NA,NA
2026,1,Emari Demercado,RB,ARI,LAC,receptions,1.2145418850306815,1.5,0.3193278124740852,NA,NA,NA,NA,NA,NA,NA,NA
2026,1,Emari Demercado,RB,ARI,LAC,anytime_td,0.0945736957525557,0.5,0.0945736957525557,NA,NA,NA,NA,NA,NA,NA,NA
2026,1,Blake Whiteheart,TE,CLE,JAX,receptions,0.6600133472930546,0.5,0.38357927260545177,NA,NA,NA,NA,NA,NA,NA,NA
2026,1,Blake Whiteheart,TE,CLE,JAX,anytime_td,0.059031789622172925,0.5,0.059031789622172925,NA,NA,NA,NA,NA,NA,NA,NA
2026,1,Chris Brooks,RB,GB,MIN,receptions,0.7060260151504155,0.5,0.4150304630808376,NA,NA,NA,NA,NA,NA,NA,NA
2026,1,Chris Brooks,RB,GB,MIN,anytime_td,0.08897563421875776,0.5,0.08897563421875776,NA,NA,NA,NA,NA,NA,NA,NA
2026,1,Julian Hill,TE,MIA,LV,receptions,1.1957947661206376,1.5,0.3251822626278961,NA,NA,NA,NA,NA,NA,NA,NA
2026,1,Julian Hill,TE,MIA,LV,anytime_td,0.08415107752321993,0.5,0.08415107752321993,NA,NA,NA,NA,NA,NA,NA,NA
2026,1,Tyrell Shavers,WR,BUF,HOU,receptions,1.5253560618231572,1.5,0.40664478459221864,NA,NA,NA,NA,NA,NA,NA,NA
2026,1,Tyrell Shavers,WR,BUF,HOU,anytime_td,0.09251657668521296,0.5,0.09251657668521296,NA,NA,NA,NA,NA,NA,NA,NA
2026,1,Sean Tucker,RB,TB,CIN,receptions,0.5157309312281819,0.5,0.31411470908250366,NA,NA,NA,NA,NA,NA,NA,NA
2026,1,Sean Tucker,RB,TB,CIN,anytime_td,0.23297178243184824,0.5,0.23297178243184824,NA,NA,NA,NA,NA,NA,NA,NA
2026,1,Michael Penix Jr.,QB,ATL,PIT,pass_yards,199.78166733801774,200.5,0.49458540597301665,NA,NA,NA,NA,NA,NA,NA,NA
2026,1,Michael Penix Jr.,QB,ATL,PIT,pass_tds,1.1416948902433217,1.5,0.3281911915685404,NA,NA,NA,NA,NA,NA,NA,NA
2026,1,Michael Penix Jr.,QB,ATL,PIT,anytime_td,0.06644047688688304,0.5,0.06644047688688304,NA,NA,NA,NA,NA,NA,NA,NA
2026,1,Casey Washington,WR,ATL,PIT,receptions,1.2107656235449529,1.5,0.3240914169508754,NA,NA,NA,NA,NA,NA,NA,NA
2026,1,Casey Washington,WR,ATL,PIT,anytime_td,0.06279391439220128,0.5,0.06279391439220128,NA,NA,NA,NA,NA,NA,NA,NA
2026,1,Keon Coleman,WR,BUF,HOU,receptions,2.5349127742286974,2.5,0.44169798220831785,NA,NA,NA,NA,NA,NA,NA,NA
2026,1,Keon Coleman,WR,BUF,HOU,anytime_td,0.2013148626287501,0.5,0.2013148626287501,NA,NA,NA,NA,NA,NA,NA,NA
2026,1,Ray Davis,RB,BUF,HOU,receptions,0.8061401976477404,0.5,0.4729591319504039,NA,NA,NA,NA,NA,NA,NA,NA
2026,1,Ray Davis,RB,BUF,HOU,anytime_td,0.15645418773038522,0.5,0.15645418773038522,NA,NA,NA,NA,NA,NA,NA,NA
2026,1,Xavier Legette,WR,CAR,CHI,receptions,2.2232821518263486,2.5,0.35838422200756914,NA,NA,NA,NA,NA,NA,NA,NA
2026,1,Xavier Legette,WR,CAR,CHI,anytime_td,0.16977265513307382,0.5,0.16977265513307382,NA,NA,NA,NA,NA,NA,NA,NA
2026,1,Ja'Tavion Sanders,TE,CAR,CHI,receptions,1.9560661051744326,1.5,0.49279136551009783,NA,NA,NA,NA,NA,NA,NA,NA
2026,1,Ja'Tavion Sanders,TE,CAR,CHI,anytime_td,0.14219274396967252,0.5,0.14219274396967252,NA,NA,NA,NA,NA,NA,NA,NA
2026,1,Rome Odunze,WR,CHI,CAR,receptions,3.654299022896244,3.5,0.47602469045105034,NA,NA,NA,NA,NA,NA,NA,NA
2026,1,Rome Odunze,WR,CHI,CAR,anytime_td,0.3037390490959482,0.5,0.3037390490959482,NA,NA,NA,NA,NA,NA,NA,NA
2026,1,Caleb Williams,QB,CHI,CAR,pass_yards,222.3840729450086,220.5,0.506170982024961,NA,NA,NA,NA,NA,NA,NA,NA
2026,1,Caleb Williams,QB,CHI,CAR,pass_tds,1.510673543726893,1.5,0.4656652940113856,NA,NA,NA,NA,NA,NA,NA,NA
2026,1,Caleb Williams,QB,CHI,CAR,anytime_td,0.17929809628511106,0.5,0.17929809628511106,NA,NA,NA,NA,NA,NA,NA,NA
2026,1,Jamari Thrash,WR,CLE,JAX,receptions,1.0677069423175571,1.5,0.2793818059008599,NA,NA,NA,NA,NA,NA,NA,NA
2026,1,Jamari Thrash,WR,CLE,JAX,anytime_td,0.04181819434356149,0.5,0.04181819434356149,NA,NA,NA,NA,NA,NA,NA,NA
2026,1,Ryan Flournoy,WR,DAL,NYG,receptions,3.362650440661274,3.5,0.3775740785770793,NA,NA,NA,NA,NA,NA,NA,NA
2026,1,Ryan Flournoy,WR,DAL,NYG,anytime_td,0.2589964343333012,0.5,0.2589964343333012,NA,NA,NA,NA,NA,NA,NA,NA
2026,1,Troy Franklin,WR,DEN,KC,receptions,3.3571468813173704,3.5,0.3958505243143678,NA,NA,NA,NA,NA,NA,NA,NA
2026,1,Troy Franklin,WR,DEN,KC,anytime_td,0.18468360576746512,0.5,0.18468360576746512,NA,NA,NA,NA,NA,NA,NA,NA
2026,1,Bo Nix,QB,DEN,KC,pass_yards,215.7740654487232,215.5,0.49877755094780046,NA,NA,NA,NA,NA,NA,NA,NA
2026,1,Bo Nix,QB,DEN,KC,pass_tds,1.3101925491907367,1.5,0.364504462073367,NA,NA,NA,NA,NA,NA,NA,NA
2026,1,Bo Nix,QB,DEN,KC,anytime_td,0.19124743390016152,0.5,0.19124743390016152,NA,NA,NA,NA,NA,NA,NA,NA
2026,1,Brian Thomas Jr.,WR,JAX,CLE,receptions,3.2820575623640074,3.5,0.3997912862356206,NA,NA,NA,NA,NA,NA,NA,NA
2026,1,Brian Thomas Jr.,WR,JAX,CLE,anytime_td,0.26891853777972763,0.5,0.26891853777972763,NA,NA,NA,NA,NA,NA,NA,NA
2026,1,Xavier Worthy,WR,KC,DEN,receptions,2.9313011860866878,2.5,0.5240885807544181,NA,NA,NA,NA,NA,NA,NA,NA
2026,1,Xavier Worthy,WR,KC,DEN,anytime_td,0.21109913411399672,0.5,0.21109913411399672,NA,NA,NA,NA,NA,NA,NA,NA
2026,1,Blake Corum,RB,LA,SF,receptions,0.5686902644600071,0.5,0.343316298143922,NA,NA,NA,NA,NA,NA,NA,NA
2026,1,Blake Corum,RB,LA,SF,anytime_td,0.26843493444855826,0.5,0.26843493444855826,NA,NA,NA,NA,NA,NA,NA,NA
2026,1,Jordan Whittington,WR,LA,SF,receptions,1.559473185603039,1.5,0.3831000006494358,NA,NA,NA,NA,NA,NA,NA,NA
2026,1,Jordan Whittington,WR,LA,SF,anytime_td,0.08143037998185165,0.5,0.08143037998185165,NA,NA,NA,NA,NA,NA,NA,NA
2026,1,Malik Washington,WR,MIA,LV,receptions,2.432048727447729,2.5,0.40716717927853296,NA,NA,NA,NA,NA,NA,NA,NA
2026,1,Malik Washington,WR,MIA,LV,anytime_td,0.19736466892349558,0.5,0.19736466892349558,NA,NA,NA,NA,NA,NA,NA,NA
2026,1,Drake Maye,QB,NE,SEA,pass_yards,242.51693037274188,245.5,0.460759814208917,NA,NA,NA,NA,NA,NA,NA,NA
2026,1,Drake Maye,QB,NE,SEA,pass_tds,1.3501201793023085,1.5,0.3736699954168457,NA,NA,NA,NA,NA,NA,NA,NA
2026,1,Drake Maye,QB,NE,SEA,anytime_td,0.20122479408916294,0.5,0.20122479408916294,NA,NA,NA,NA,NA,NA,NA,NA
2026,1,Spencer Rattler,QB,NO,DET,pass_yards,203.71767010464845,205.5,0.4487053037692162,NA,NA,NA,NA,NA,NA,NA,NA
2026,1,Spencer Rattler,QB,NO,DET,pass_tds,1.364439925258557,1.5,0.3819493630369465,NA,NA,NA,NA,NA,NA,NA,NA
2026,1,Spencer Rattler,QB,NO,DET,anytime_td,0.13755418441938982,0.5,0.13755418441938982,NA,NA,NA,NA,NA,NA,NA,NA
2026,1,Theo Johnson,TE,NYG,DAL,receptions,3.3176569479401903,3.5,0.40420059374567313,NA,NA,NA,NA,NA,NA,NA,NA
2026,1,Theo Johnson,TE,NYG,DAL,anytime_td,0.22610701483725226,0.5,0.22610701483725226,NA,NA,NA,NA,NA,NA,NA,NA
2026,1,Tyrone Tracy Jr.,RB,NYG,DAL,receptions,2.6129586043679365,2.5,0.42185810248095723,NA,NA,NA,NA,NA,NA,NA,NA
2026,1,Tyrone Tracy Jr.,RB,NYG,DAL,anytime_td,0.4390005132254091,0.5,0.4390005132254091,NA,NA,NA,NA,NA,NA,NA,NA
2026,1,Malachi Corley,WR,CLE,JAX,receptions,1.0648539143132416,1.5,0.26792688948589444,NA,NA,NA,NA,NA,NA,NA,NA
2026,1,Malachi Corley,WR,CLE,JAX,anytime_td,0.06640507399641593,0.5,0.06640507399641593,NA,NA,NA,NA,NA,NA,NA,NA
2026,1,Isaiah Davis,RB,NYJ,TEN,receptions,1.092381985227423,1.5,0.2764648946313453,NA,NA,NA,NA,NA,NA,NA,NA
2026,1,Isaiah Davis,RB,NYJ,TEN,anytime_td,0.10250818814223572,0.5,0.10250818814223572,NA,NA,NA,NA,NA,NA,NA,NA
2026,1,Will Shipley,RB,PHI,WAS,receptions,0.6885007223614014,0.5,0.413330127297534,NA,NA,NA,NA,NA,NA,NA,NA
2026,1,Will Shipley,RB,PHI,WAS,anytime_td,0.05199555230473296,0.5,0.05199555230473296,NA,NA,NA,NA,NA,NA,NA,NA
2026,1,Marvin Harrison Jr.,WR,ARI,LAC,receptions,3.5781720085494704,3.5,0.43065729710344675,NA,NA,NA,NA,NA,NA,NA,NA
2026,1,Marvin Harrison Jr.,WR,ARI,LAC,anytime_td,0.18047514648349494,0.5,0.18047514648349494,NA,NA,NA,NA,NA,NA,NA,NA
2026,1,Roman Wilson,WR,PIT,ATL,receptions,1.4075462606200395,1.5,0.38731884245167736,NA,NA,NA,NA,NA,NA,NA,NA
2026,1,Roman Wilson,WR,PIT,ATL,anytime_td,0.13461238813899756,0.5,0.13461238813899756,NA,NA,NA,NA,NA,NA,NA,NA
2026,1,Ladd McConkey,WR,LAC,ARI,receptions,4.234064549240855,4.5,0.39138360022226665,NA,NA,NA,NA,NA,NA,NA,NA
2026,1,Ladd McConkey,WR,LAC,ARI,anytime_td,0.34293607065000664,0.5,0.34293607065000664,NA,NA,NA,NA,NA,NA,NA,NA
2026,1,Kimani Vidal,RB,LAC,ARI,receptions,1.1149681878028448,1.5,0.2853410128260216,NA,NA,NA,NA,NA,NA,NA,NA
2026,1,Kimani Vidal,RB,LAC,ARI,anytime_td,0.40303970898374786,0.5,0.40303970898374786,NA,NA,NA,NA,NA,NA,NA,NA
2026,1,AJ Barner,TE,SEA,NE,receptions,2.713600590706768,2.5,0.46584535679700523,NA,NA,NA,NA,NA,NA,NA,NA
2026,1,AJ Barner,TE,SEA,NE,anytime_td,0.21480820846810833,0.5,0.21480820846810833,NA,NA,NA,NA,NA,NA,NA,NA
2026,1,Jayden Daniels,QB,WAS,PHI,pass_yards,158.29242228898664,160.5,0.4479911481266331,NA,NA,NA,NA,NA,NA,NA,NA
2026,1,Jayden Daniels,QB,WAS,PHI,pass_tds,1.0852344260125821,1.5,0.3087405728077698,NA,NA,NA,NA,NA,NA,NA,NA
2026,1,Jayden Daniels,QB,WAS,PHI,anytime_td,0.2910494247977884,0.5,0.2910494247977884,NA,NA,NA,NA,NA,NA,NA,NA
2026,1,Luke McCaffrey,WR,WAS,PHI,receptions,1.2970163794859224,1.5,0.3470676045027277,NA,NA,NA,NA,NA,NA,NA,NA
2026,1,Luke McCaffrey,WR,WAS,PHI,anytime_td,0.09997382401490484,0.5,0.09997382401490484,NA,NA,NA,NA,NA,NA,NA,NA
2026,1,Jalen Coker,WR,CAR,CHI,receptions,3.1704771065271884,3.5,0.3674472545696292,NA,NA,NA,NA,NA,NA,NA,NA
2026,1,Jalen Coker,WR,CAR,CHI,anytime_td,0.21922317242083644,0.5,0.21922317242083644,NA,NA,NA,NA,NA,NA,NA,NA
2026,1,Brevyn Spann-Ford,TE,DAL,NYG,receptions,1.174075562786734,1.5,0.3052212332312641,NA,NA,NA,NA,NA,NA,NA,NA
2026,1,Brevyn Spann-Ford,TE,DAL,NYG,anytime_td,0.1122619238052569,0.5,0.1122619238052569,NA,NA,NA,NA,NA,NA,NA,NA
2026,1,Mason Tipton,WR,NO,DET,receptions,1.731744170956938,1.5,0.45716830866454605,NA,NA,NA,NA,NA,NA,NA,NA
2026,1,Mason Tipton,WR,NO,DET,anytime_td,0.10976009289863797,0.5,0.10976009289863797,NA,NA,NA,NA,NA,NA,NA,NA
2026,1,Kameron Johnson,WR,TB,CIN,receptions,0.9869097393091371,0.5,0.4476376679309956,NA,NA,NA,NA,NA,NA,NA,NA
2026,1,Kameron Johnson,WR,TB,CIN,anytime_td,0.07292749268808085,0.5,0.07292749268808085,NA,NA,NA,NA,NA,NA,NA,NA
2026,1,British Brooks,RB,HOU,BUF,anytime_td,0.11136583998202865,0.5,0.11136583998202865,NA,NA,NA,NA,NA,NA,NA,NA
2026,1,Terrell Jennings,RB,NE,SEA,receptions,1.1488823443993006,1.5,0.22769446856943235,NA,NA,NA,NA,NA,NA,NA,NA
2026,1,Terrell Jennings,RB,NE,SEA,anytime_td,0.0967052621941833,0.5,0.0967052621941833,NA,NA,NA,NA,NA,NA,NA,NA
2026,1,Jackson Hawes,TE,BUF,HOU,receptions,1.1082018280796702,1.5,0.2954305061051714,NA,NA,NA,NA,NA,NA,NA,NA
2026,1,Jackson Hawes,TE,BUF,HOU,anytime_td,0.10941170510407983,0.5,0.10941170510407983,NA,NA,NA,NA,NA,NA,NA,NA
2026,1,Trevor Etienne,RB,CAR,CHI,receptions,0.32959593648095065,0.5,0.23572054354991986,NA,NA,NA,NA,NA,NA,NA,NA
2026,1,Trevor Etienne,RB,CAR,CHI,anytime_td,0.039186759760479584,0.5,0.039186759760479584,NA,NA,NA,NA,NA,NA,NA,NA
2026,1,Mitchell Evans,TE,CAR,CHI,receptions,1.3959297101019381,1.5,0.3767553744612288,NA,NA,NA,NA,NA,NA,NA,NA
2026,1,Mitchell Evans,TE,CAR,CHI,anytime_td,0.11601155771937322,0.5,0.11601155771937322,NA,NA,NA,NA,NA,NA,NA,NA
2026,1,Jimmy Horn Jr.,WR,CAR,CHI,receptions,1.078213077651432,1.5,0.2805104522233894,NA,NA,NA,NA,NA,NA,NA,NA
2026,1,Jimmy Horn Jr.,WR,CAR,CHI,anytime_td,0.0709379012712309,0.5,0.0709379012712309,NA,NA,NA,NA,NA,NA,NA,NA
2026,1,Tetairoa McMillan,WR,CAR,CHI,receptions,3.93894176698826,3.5,0.49746079150547917,NA,NA,NA,NA,NA,NA,NA,NA
2026,1,Tetairoa McMillan,WR,CAR,CHI,anytime_td,0.31127422694572837,0.5,0.31127422694572837,NA,NA,NA,NA,NA,NA,NA,NA
2026,1,Luther Burden III,WR,CHI,CAR,receptions,3.4689980774707143,3.5,0.42744189672900246,NA,NA,NA,NA,NA,NA,NA,NA
2026,1,Luther Burden III,WR,CHI,CAR,anytime_td,0.2149842369259224,0.5,0.2149842369259224,NA,NA,NA,NA,NA,NA,NA,NA
2026,1,Colston Loveland,TE,CHI,CAR,receptions,4.281378255714514,4.5,0.402974873197084,NA,NA,NA,NA,NA,NA,NA,NA
2026,1,Colston Loveland,TE,CHI,CAR,anytime_td,0.2912045526815983,0.5,0.2912045526815983,NA,NA,NA,NA,NA,NA,NA,NA
2026,1,Kyle Monangai,RB,CHI,CAR,receptions,1.2332646826041989,1.5,0.3240356149083247,NA,NA,NA,NA,NA,NA,NA,NA
2026,1,Kyle Monangai,RB,CHI,CAR,anytime_td,0.33387714814804315,0.5,0.33387714814804315,NA,NA,NA,NA,NA,NA,NA,NA
2026,1,Harold Fannin Jr.,TE,CLE,JAX,receptions,4.3320507747860235,4.5,0.40379390220359485,NA,NA,NA,NA,NA,NA,NA,NA
2026,1,Harold Fannin Jr.,TE,CLE,JAX,anytime_td,0.2613822724745388,0.5,0.2613822724745388,NA,NA,NA,NA,NA,NA,NA,NA
2026,1,Dillon Gabriel,QB,CLE,JAX,pass_yards,121.67043391394577,120.5,0.4980776234095999,NA,NA,NA,NA,NA,NA,NA,NA
2026,1,Dillon Gabriel,QB,CLE,JAX,pass_tds,1.049827768151956,1.5,0.29650613387113595,NA,NA,NA,NA,NA,NA,NA,NA
2026,1,Dillon Gabriel,QB,CLE,JAX,anytime_td,0.059983874008051385,0.5,0.059983874008051385,NA,NA,NA,NA,NA,NA,NA,NA
2026,1,Quinshon Judkins,RB,CLE,JAX,receptions,1.9191684636549802,1.5,0.4782726782782462,NA,NA,NA,NA,NA,NA,NA,NA
2026,1,Quinshon Judkins,RB,CLE,JAX,anytime_td,0.34580269246334616,0.5,0.34580269246334616,NA,NA,NA,NA,NA,NA,NA,NA
2026,1,Gage Larvadain,WR,CLE,JAX,receptions,1.1868344320464508,1.5,0.3151429046144247,NA,NA,NA,NA,NA,NA,NA,NA
2026,1,Gage Larvadain,WR,CLE,JAX,anytime_td,0.05474103834745869,0.5,0.05474103834745869,NA,NA,NA,NA,NA,NA,NA,NA
2026,1,Dylan Sampson,RB,CLE,JAX,receptions,1.998891985666125,1.5,0.49310517130512727,NA,NA,NA,NA,NA,NA,NA,NA
2026,1,Dylan Sampson,RB,CLE,JAX,anytime_td,0.14994253544477076,0.5,0.14994253544477076,NA,NA,NA,NA,NA,NA,NA,NA
2026,1,Jaydon Blue,RB,DAL,NYG,receptions,1.4755832377051024,1.5,0.2689174470797021,NA,NA,NA,NA,NA,NA,NA,NA
2026,1,Jaydon Blue,RB,DAL,NYG,anytime_td,0.27809928013625296,0.5,0.27809928013625296,NA,NA,NA,NA,NA,NA,NA,NA
2026,1,Pat Bryant,WR,DEN,KC,receptions,2.961718876940272,2.5,0.5147569694809735,NA,NA,NA,NA,NA,NA,NA,NA
2026,1,Pat Bryant,WR,DEN,KC,anytime_td,0.13691558791422065,0.5,0.13691558791422065,NA,NA,NA,NA,NA,NA,NA,NA
2026,1,RJ Harvey,RB,DEN,KC,receptions,2.689518820499456,2.5,0.4589780754788752,NA,NA,NA,NA,NA,NA,NA,NA
2026,1,RJ Harvey,RB,DEN,KC,anytime_td,0.3257821349010537,0.5,0.3257821349010537,NA,NA,NA,NA,NA,NA,NA,NA
2026,1,Isaac TeSlaa,WR,DET,NO,receptions,1.4005495186129646,1.5,0.3663713444422324,NA,NA,NA,NA,NA,NA,NA,NA
2026,1,Isaac TeSlaa,WR,DET,NO,anytime_td,0.19939208415504517,0.5,0.19939208415504517,NA,NA,NA,NA,NA,NA,NA,NA
2026,1,Matthew Golden,WR,GB,MIN,receptions,2.1504268264521382,2.5,0.3432450107653273,NA,NA,NA,NA,NA,NA,NA,NA
2026,1,Matthew Golden,WR,GB,MIN,anytime_td,0.1313540110222574,0.5,0.1313540110222574,NA,NA,NA,NA,NA,NA,NA,NA
2026,1,Savion Williams,WR,GB,MIN,receptions,0.517710676770788,0.5,0.3303883347688457,NA,NA,NA,NA,NA,NA,NA,NA
2026,1,Savion Williams,WR,GB,MIN,anytime_td,0.061612558833123776,0.5,0.061612558833123776,NA,NA,NA,NA,NA,NA,NA,NA
2026,1,Elic Ayomanor,WR,TEN,NYJ,receptions,2.7790268778683584,2.5,0.48242748621155496,NA,NA,NA,NA,NA,NA,NA,NA
2026,1,Elic Ayomanor,WR,TEN,NYJ,anytime_td,0.2522527829433535,0.5,0.2522527829433535,NA,NA,NA,NA,NA,NA,NA,NA
2026,1,Chimere Dike,WR,TEN,NYJ,receptions,2.97807301218005,2.5,0.517885842655089,NA,NA,NA,NA,NA,NA,NA,NA
2026,1,Chimere Dike,WR,TEN,NYJ,anytime_td,0.23402471337232134,0.5,0.23402471337232134,NA,NA,NA,NA,NA,NA,NA,NA
2026,1,Gunnar Helm,TE,TEN,NYJ,receptions,2.369523185100859,2.5,0.4001051420143134,NA,NA,NA,NA,NA,NA,NA,NA
2026,1,Gunnar Helm,TE,TEN,NYJ,anytime_td,0.16547739622032354,0.5,0.16547739622032354,NA,NA,NA,NA,NA,NA,NA,NA
2026,1,Cam Ward,QB,TEN,NYJ,pass_yards,167.82891166650467,170.5,0.486869894896413,NA,NA,NA,NA,NA,NA,NA,NA
2026,1,Cam Ward,QB,TEN,NYJ,pass_tds,1.3122039207194667,1.5,0.3648799801934698,NA,NA,NA,NA,NA,NA,NA,NA
2026,1,Cam Ward,QB,TEN,NYJ,anytime_td,0.14571604032475038,0.5,0.14571604032475038,NA,NA,NA,NA,NA,NA,NA,NA
2026,1,Jayden Higgins,WR,HOU,BUF,receptions,2.5714544274213424,2.5,0.4267721783730542,NA,NA,NA,NA,NA,NA,NA,NA
2026,1,Jayden Higgins,WR,HOU,BUF,anytime_td,0.20265136875035483,0.5,0.20265136875035483,NA,NA,NA,NA,NA,NA,NA,NA
2026,1,Woody Marks,RB,HOU,BUF,receptions,1.4455032761151192,1.5,0.3914162277150564,NA,NA,NA,NA,NA,NA,NA,NA
2026,1,Woody Marks,RB,HOU,BUF,anytime_td,0.3567069458433536,0.5,0.3567069458433536,NA,NA,NA,NA,NA,NA,NA,NA
2026,1,Jaylin Noel,WR,HOU,BUF,receptions,1.5771070411660622,1.5,0.40927796724193344,NA,NA,NA,NA,NA,NA,NA,NA
2026,1,Jaylin Noel,WR,HOU,BUF,anytime_td,0.11054707491564575,0.5,0.11054707491564575,NA,NA,NA,NA,NA,NA,NA,NA
2026,1,Tyler Warren,TE,IND,BAL,receptions,4.8098528376723655,4.5,0.4932967308650578,NA,NA,NA,NA,NA,NA,NA,NA
2026,1,Tyler Warren,TE,IND,BAL,anytime_td,0.2515432319811042,0.5,0.2515432319811042,NA,NA,NA,NA,NA,NA,NA,NA
2026,1,LeQuint Allen Jr.,RB,JAX,CLE,receptions,0.4453034563976011,0.5,0.30417478435512463,NA,NA,NA,NA,NA,NA,NA,NA
2026,1,LeQuint Allen Jr.,RB,JAX,CLE,anytime_td,0.03479774870211916,0.5,0.03479774870211916,NA,NA,NA,NA,NA,NA,NA,NA
2026,1,Travis Hunter,WR,JAX,CLE,receptions,3.2869318062186,3.5,0.3941084882016997,NA,NA,NA,NA,NA,NA,NA,NA
2026,1,Travis Hunter,WR,JAX,CLE,anytime_td,0.30946285288375497,0.5,0.30946285288375497,NA,NA,NA,NA,NA,NA,NA,NA
2026,1,Bhayshul Tuten,RB,JAX,CLE,receptions,0.5132124141117889,0.5,0.3377346518655461,NA,NA,NA,NA,NA,NA,NA,NA
2026,1,Bhayshul Tuten,RB,JAX,CLE,anytime_td,0.1978605541733378,0.5,0.1978605541733378,NA,NA,NA,NA,NA,NA,NA,NA
2026,1,Brashard Smith,RB,KC,DEN,receptions,1.6623602562487418,1.5,0.4082991199227437,NA,NA,NA,NA,NA,NA,NA,NA
2026,1,Brashard Smith,RB,KC,DEN,anytime_td,0.1557073688407471,0.5,0.1557073688407471,NA,NA,NA,NA,NA,NA,NA,NA
2026,1,Terrance Ferguson,TE,LA,SF,receptions,1.534983266902247,1.5,0.42018832491745234,NA,NA,NA,NA,NA,NA,NA,NA
2026,1,Terrance Ferguson,TE,LA,SF,anytime_td,0.17302064204019163,0.5,0.17302064204019163,NA,NA,NA,NA,NA,NA,NA,NA
2026,1,Konata Mumpfield,WR,LA,SF,receptions,1.5343242816980822,1.5,0.3949288147991253,NA,NA,NA,NA,NA,NA,NA,NA
2026,1,Konata Mumpfield,WR,LA,SF,anytime_td,0.10444524272714872,0.5,0.10444524272714872,NA,NA,NA,NA,NA,NA,NA,NA
2026,1,Jack Bech,WR,LV,MIA,receptions,1.9508773904388974,1.5,0.5067064234303409,NA,NA,NA,NA,NA,NA,NA,NA
2026,1,Jack Bech,WR,LV,MIA,anytime_td,0.12298139323291402,0.5,0.12298139323291402,NA,NA,NA,NA,NA,NA,NA,NA
2026,1,Ashton Jeanty,RB,LV,MIA,receptions,3.215149921577251,3.5,0.3741830256357858,NA,NA,NA,NA,NA,NA,NA,NA
2026,1,Ashton Jeanty,RB,LV,MIA,anytime_td,0.5520514157067214,0.5,0.5520514157067214,NA,NA,NA,NA,NA,NA,NA,NA
2026,1,Dont'e Thornton Jr.,WR,LV,MIA,receptions,1.4717763018335874,1.5,0.40178600403516745,NA,NA,NA,NA,NA,NA,NA,NA
2026,1,Dont'e Thornton Jr.,WR,LV,MIA,anytime_td,0.10923643011737139,0.5,0.10923643011737139,NA,NA,NA,NA,NA,NA,NA,NA
2026,1,Ollie Gordon II,RB,MIA,LV,receptions,0.32083665609585105,0.5,0.23433760237785348,NA,NA,NA,NA,NA,NA,NA,NA
2026,1,Ollie Gordon II,RB,MIA,LV,anytime_td,0.13398339387810954,0.5,0.13398339387810954,NA,NA,NA,NA,NA,NA,NA,NA
2026,1,Max Brosmer,QB,MIN,GB,pass_yards,61.95047162136915,60.5,0.5123278121869769,NA,NA,NA,NA,NA,NA,NA,NA
2026,1,Max Brosmer,QB,MIN,GB,pass_tds,1.1341195186981756,1.5,0.3255855702625587,NA,NA,NA,NA,NA,NA,NA,NA
2026,1,Max Brosmer,QB,MIN,GB,anytime_td,0.04282559447804857,0.5,0.04282559447804857,NA,NA,NA,NA,NA,NA,NA,NA
2026,1,TreVeyon Henderson,RB,NE,SEA,receptions,1.4485362423583603,1.5,0.352250733715879,NA,NA,NA,NA,NA,NA,NA,NA
2026,1,TreVeyon Henderson,RB,NE,SEA,anytime_td,0.33302585007820673,0.5,0.33302585007820673,NA,NA,NA,NA,NA,NA,NA,NA
2026,1,Kyle Williams,WR,NE,SEA,receptions,1.0421072451449023,1.5,0.25920743570416355,NA,NA,NA,NA,NA,NA,NA,NA
2026,1,Kyle Williams,WR,NE,SEA,anytime_td,0.08773384216010183,0.5,0.08773384216010183,NA,NA,NA,NA,NA,NA,NA,NA
2026,1,Devin Neal,RB,NO,DET,receptions,1.6124497266828728,1.5,0.4058744763254231,NA,NA,NA,NA,NA,NA,NA,NA
2026,1,Devin Neal,RB,NO,DET,anytime_td,0.2549926351557439,0.5,0.2549926351557439,NA,NA,NA,NA,NA,NA,NA,NA
2026,1,Tyler Shough,QB,NO,DET,pass_yards,278.36346877670485,280.5,0.45432621831585546,NA,NA,NA,NA,NA,NA,NA,NA
2026,1,Tyler Shough,QB,NO,DET,pass_tds,1.421149174568515,1.5,0.4145911398227959,NA,NA,NA,NA,NA,NA,NA,NA
2026,1,Tyler Shough,QB,NO,DET,anytime_td,0.2032150240190138,0.5,0.2032150240190138,NA,NA,NA,NA,NA,NA,NA,NA
2026,1,Beaux Collins,WR,NYG,DAL,receptions,1.2376102041633967,1.5,0.3401009614586407,NA,NA,NA,NA,NA,NA,NA,NA
2026,1,Beaux Collins,WR,NYG,DAL,anytime_td,0.0840420174784674,0.5,0.0840420174784674,NA,NA,NA,NA,NA,NA,NA,NA
2026,1,Jaxson Dart,QB,NYG,DAL,pass_yards,202.07995089733814,200.5,0.5257700623770359,NA,NA,NA,NA,NA,NA,NA,NA
2026,1,Jaxson Dart,QB,NYG,DAL,pass_tds,1.373282089364259,1.5,0.38705406404819775,NA,NA,NA,NA,NA,NA,NA,NA
2026,1,Jaxson Dart,QB,NYG,DAL,anytime_td,0.33164913222280634,0.5,0.33164913222280634,NA,NA,NA,NA,NA,NA,NA,NA
2026,1,Cam Skattebo,RB,NYG,DAL,receptions,2.720322992220621,2.5,0.45768654213787696,NA,NA,NA,NA,NA,NA,NA,NA
2026,1,Cam Skattebo,RB,NYG,DAL,anytime_td,0.4687396373953959,0.5,0.4687396373953959,NA,NA,NA,NA,NA,NA,NA,NA
2026,1,Arian Smith,WR,NYJ,TEN,receptions,0.7399181387949789,0.5,0.45864034250604885,NA,NA,NA,NA,NA,NA,NA,NA
2026,1,Arian Smith,WR,NYJ,TEN,anytime_td,0.04845465277611527,0.5,0.04845465277611527,NA,NA,NA,NA,NA,NA,NA,NA
2026,1,Mason Taylor,TE,NYJ,TEN,receptions,3.1846557566052978,3.5,0.38300256903834196,NA,NA,NA,NA,NA,NA,NA,NA
2026,1,Mason Taylor,TE,NYJ,TEN,anytime_td,0.15917234147627057,0.5,0.15917234147627057,NA,NA,NA,NA,NA,NA,NA,NA
2026,1,Kaleb Johnson,RB,PIT,ATL,receptions,1.348538932219971,1.5,0.25476141700034416,NA,NA,NA,NA,NA,NA,NA,NA
2026,1,Kaleb Johnson,RB,PIT,ATL,anytime_td,0.0534615801040319,0.5,0.0534615801040319,NA,NA,NA,NA,NA,NA,NA,NA
2026,1,Oronde Gadsden II,TE,LAC,ARI,receptions,3.1006730138556784,3.5,0.35703748526699736,NA,NA,NA,NA,NA,NA,NA,NA
2026,1,Oronde Gadsden II,TE,LAC,ARI,anytime_td,0.2515675772045559,0.5,0.2515675772045559,NA,NA,NA,NA,NA,NA,NA,NA
2026,1,Tre Harris,WR,LAC,ARI,receptions,2.3302341195197194,2.5,0.37231223256567164,NA,NA,NA,NA,NA,NA,NA,NA
2026,1,Tre Harris,WR,LAC,ARI,anytime_td,0.1632739209045434,0.5,0.1632739209045434,NA,NA,NA,NA,NA,NA,NA,NA
2026,1,KeAndre Lambert-Smith,WR,LAC,ARI,receptions,1.1045926159958417,1.5,0.28716742633510073,NA,NA,NA,NA,NA,NA,NA,NA
2026,1,KeAndre Lambert-Smith,WR,LAC,ARI,anytime_td,0.14142473916935938,0.5,0.14142473916935938,NA,NA,NA,NA,NA,NA,NA,NA
2026,1,Elijah Arroyo,TE,SEA,NE,receptions,1.2298698203641834,1.5,0.32902401194703695,NA,NA,NA,NA,NA,NA,NA,NA
2026,1,Elijah Arroyo,TE,SEA,NE,anytime_td,0.10752302995309304,0.5,0.10752302995309304,NA,NA,NA,NA,NA,NA,NA,NA
2026,1,Tory Horton,WR,SEA,NE,receptions,2.071892743325309,2.5,0.33625499033810163,NA,NA,NA,NA,NA,NA,NA,NA
2026,1,Tory Horton,WR,SEA,NE,anytime_td,0.17641996546895666,0.5,0.17641996546895666,NA,NA,NA,NA,NA,NA,NA,NA
2026,1,Emeka Egbuka,WR,TB,CIN,receptions,3.87259267988057,3.5,0.4812256185549254,NA,NA,NA,NA,NA,NA,NA,NA
2026,1,Emeka Egbuka,WR,TB,CIN,anytime_td,0.2774964144281692,0.5,0.2774964144281692,NA,NA,NA,NA,NA,NA,NA,NA
2026,1,Tez Johnson,WR,TB,CIN,receptions,1.842010775640562,1.5,0.45912078979107734,NA,NA,NA,NA,NA,NA,NA,NA
2026,1,Tez Johnson,WR,TB,CIN,anytime_td,0.18804923923852412,0.5,0.18804923923852412,NA,NA,NA,NA,NA,NA,NA,NA
2026,1,Jacory Croskey-Merritt,RB,WAS,PHI,receptions,0.35421560932251106,0.5,0.24308941148205074,NA,NA,NA,NA,NA,NA,NA,NA
2026,1,Jacory Croskey-Merritt,RB,WAS,PHI,anytime_td,0.3153593602435256,0.5,0.3153593602435256,NA,NA,NA,NA,NA,NA,NA,NA
2026,1,Jaylin Lane,WR,WAS,PHI,receptions,1.2318154216230914,1.5,0.31624674191741226,NA,NA,NA,NA,NA,NA,NA,NA
2026,1,Jaylin Lane,WR,WAS,PHI,anytime_td,0.06886953644896798,0.5,0.06886953644896798,NA,NA,NA,NA,NA,NA,NA,NA
2026,1,Isaiah Bond,WR,CLE,JAX,receptions,1.3558622697463596,1.5,0.3574908496833213,NA,NA,NA,NA,NA,NA,NA,NA
2026,1,Isaiah Bond,WR,CLE,JAX,anytime_td,0.07512857600088574,0.5,0.07512857600088574,NA,NA,NA,NA,NA,NA,NA,NA
